payment_date,direction,counterparty_type,category,amount_eur,is_recurring,payment_terms_days,invoice_date,signed_amount,week_start
2025-05-10,IN,Debitor,Kundenrechnung,13636.0,False,45,2025-03-26,13636.0,2025-05-05
2025-05-10,IN,Debitor,Kundenrechnung,3685.0,False,14,2025-04-26,3685.0,2025-05-05
2025-05-10,IN,Debitor,Kundenrechnung,2769.0,False,30,2025-04-10,2769.0,2025-05-05
2025-05-10,IN,Debitor,Kundenrechnung,8949.0,False,30,2025-04-10,8949.0,2025-05-05
2025-05-10,OUT,Kreditor,Lieferant,6311.0,False,14,2025-04-26,-6311.0,2025-05-05
2025-05-11,IN,Debitor,Kundenrechnung,4747.0,False,45,2025-03-27,4747.0,2025-05-05
2025-05-11,IN,Debitor,Kundenrechnung,2189.0,False,30,2025-04-11,2189.0,2025-05-05
2025-05-11,OUT,Kreditor,Sonstiges,3734.0,False,14,2025-04-27,-3734.0,2025-05-05
2025-05-11,OUT,Kreditor,Marketing,2899.0,False,30,2025-04-11,-2899.0,2025-05-05
2025-05-12,IN,Debitor,Kundenrechnung,12627.0,False,14,2025-04-28,12627.0,2025-05-12
2025-05-12,OUT,Kreditor,Sonstiges,11555.0,False,30,2025-04-12,-11555.0,2025-05-12
2025-05-12,OUT,Kreditor,Lieferant,11233.0,False,30,2025-04-12,-11233.0,2025-05-12
2025-05-13,OUT,Kreditor,Marketing,11748.0,False,14,2025-04-29,-11748.0,2025-05-12
2025-05-13,OUT,Kreditor,Sonstiges,4152.0,False,30,2025-04-13,-4152.0,2025-05-12
2025-05-14,OUT,Kreditor,Sonstiges,1995.0,False,14,2025-04-30,-1995.0,2025-05-12
2025-05-14,IN,Debitor,Kundenrechnung,6297.0,False,30,2025-04-14,6297.0,2025-05-12
2025-05-14,IN,Debitor,Kundenrechnung,8873.0,False,30,2025-04-14,8873.0,2025-05-12
2025-05-15,IN,Debitor,Kundenrechnung,8439.0,False,14,2025-05-01,8439.0,2025-05-12
2025-05-15,OUT,Kreditor,Miete,8000.0,True,0,2025-05-15,-8000.0,2025-05-12
2025-05-15,OUT,Kreditor,Gehalt,25000.0,True,0,2025-05-15,-25000.0,2025-05-12
2025-05-15,OUT,Kreditor,Lieferant,7863.0,False,30,2025-04-15,-7863.0,2025-05-12
2025-05-16,IN,Debitor,Kundenrechnung,10006.0,False,14,2025-05-02,10006.0,2025-05-12
2025-05-16,IN,Debitor,Kundenrechnung,7463.0,False,14,2025-05-02,7463.0,2025-05-12
2025-05-16,IN,Debitor,Kundenrechnung,4027.0,False,45,2025-04-01,4027.0,2025-05-12
2025-05-16,IN,Debitor,Kundenrechnung,7258.0,False,45,2025-04-01,7258.0,2025-05-12
2025-05-16,OUT,Kreditor,Marketing,7736.0,False,14,2025-05-02,-7736.0,2025-05-12
2025-05-17,IN,Debitor,Kundenrechnung,8278.0,False,14,2025-05-03,8278.0,2025-05-12
2025-05-17,OUT,Kreditor,Marketing,4104.0,False,14,2025-05-03,-4104.0,2025-05-12
2025-05-18,OUT,Kreditor,Sonstiges,7019.0,False,14,2025-05-04,-7019.0,2025-05-12
2025-05-18,OUT,Kreditor,Marketing,1863.0,False,14,2025-05-04,-1863.0,2025-05-12
2025-05-18,OUT,Kreditor,Marketing,2484.0,False,14,2025-05-04,-2484.0,2025-05-12
2025-05-18,OUT,Kreditor,Lieferant,9755.0,False,30,2025-04-18,-9755.0,2025-05-12
2025-05-18,IN,Debitor,Kundenrechnung,2206.0,False,45,2025-04-03,2206.0,2025-05-12
2025-05-18,IN,Debitor,Kundenrechnung,8938.0,False,14,2025-05-04,8938.0,2025-05-12
2025-05-18,OUT,Kreditor,Sonstiges,6977.0,False,30,2025-04-18,-6977.0,2025-05-12
2025-05-18,IN,Debitor,Kundenrechnung,14685.0,False,45,2025-04-03,14685.0,2025-05-12
2025-05-19,IN,Debitor,Kundenrechnung,11914.0,False,45,2025-04-04,11914.0,2025-05-19
2025-05-19,OUT,Kreditor,Sonstiges,4157.0,False,30,2025-04-19,-4157.0,2025-05-19
2025-05-19,OUT,Kreditor,Lieferant,10789.0,False,14,2025-05-05,-10789.0,2025-05-19
2025-05-20,IN,Debitor,Kundenrechnung,3306.0,False,30,2025-04-20,3306.0,2025-05-19
2025-05-20,IN,Debitor,Kundenrechnung,8776.0,False,14,2025-05-06,8776.0,2025-05-19
2025-05-20,OUT,Kreditor,Marketing,6864.0,False,14,2025-05-06,-6864.0,2025-05-19
2025-05-20,OUT,Kreditor,Marketing,9901.0,False,14,2025-05-06,-9901.0,2025-05-19
2025-05-20,OUT,Kreditor,Lieferant,5413.0,False,14,2025-05-06,-5413.0,2025-05-19
2025-05-20,OUT,Kreditor,Marketing,1663.0,False,14,2025-05-06,-1663.0,2025-05-19
2025-05-20,OUT,Kreditor,Lieferant,2495.0,False,30,2025-04-20,-2495.0,2025-05-19
2025-05-21,OUT,Kreditor,Lieferant,1854.0,False,30,2025-04-21,-1854.0,2025-05-19
2025-05-21,IN,Debitor,Kundenrechnung,6737.0,False,30,2025-04-21,6737.0,2025-05-19
2025-05-21,OUT,Kreditor,Lieferant,8392.0,False,14,2025-05-07,-8392.0,2025-05-19
2025-05-21,IN,Debitor,Kundenrechnung,13344.0,False,45,2025-04-06,13344.0,2025-05-19
2025-05-21,IN,Debitor,Kundenrechnung,12352.0,False,30,2025-04-21,12352.0,2025-05-19
2025-05-22,IN,Debitor,Kundenrechnung,13447.0,False,45,2025-04-07,13447.0,2025-05-19
2025-05-22,IN,Debitor,Kundenrechnung,14688.0,False,45,2025-04-07,14688.0,2025-05-19
2025-05-22,IN,Debitor,Kundenrechnung,6389.0,False,14,2025-05-08,6389.0,2025-05-19
2025-05-22,OUT,Kreditor,Sonstiges,3931.0,False,30,2025-04-22,-3931.0,2025-05-19
2025-05-23,OUT,Kreditor,Sonstiges,6534.0,False,30,2025-04-23,-6534.0,2025-05-19
2025-05-23,OUT,Kreditor,Lieferant,9120.0,False,30,2025-04-23,-9120.0,2025-05-19
2025-05-23,OUT,Kreditor,Marketing,3976.0,False,30,2025-04-23,-3976.0,2025-05-19
2025-05-23,OUT,Kreditor,Marketing,5736.0,False,30,2025-04-23,-5736.0,2025-05-19
2025-05-23,IN,Debitor,Kundenrechnung,10338.0,False,45,2025-04-08,10338.0,2025-05-19
2025-05-23,IN,Debitor,Kundenrechnung,11561.0,False,45,2025-04-08,11561.0,2025-05-19
2025-05-23,IN,Debitor,Kundenrechnung,3843.0,False,14,2025-05-09,3843.0,2025-05-19
2025-05-24,IN,Debitor,Kundenrechnung,13915.0,False,14,2025-05-10,13915.0,2025-05-19
2025-05-24,IN,Debitor,Kundenrechnung,5108.0,False,45,2025-04-09,5108.0,2025-05-19
2025-05-24,IN,Debitor,Kundenrechnung,9158.0,False,14,2025-05-10,9158.0,2025-05-19
2025-05-24,OUT,Kreditor,Marketing,8400.0,False,14,2025-05-10,-8400.0,2025-05-19
2025-05-24,OUT,Kreditor,Marketing,3255.0,False,30,2025-04-24,-3255.0,2025-05-19
2025-05-25,OUT,Kreditor,Lieferant,1956.0,False,30,2025-04-25,-1956.0,2025-05-19
2025-05-25,OUT,Kreditor,Lieferant,9352.0,False,30,2025-04-25,-9352.0,2025-05-19
2025-05-25,OUT,Kreditor,Sonstiges,5433.0,False,30,2025-04-25,-5433.0,2025-05-19
2025-05-25,IN,Debitor,Kundenrechnung,4557.0,False,14,2025-05-11,4557.0,2025-05-19
2025-05-25,IN,Debitor,Kundenrechnung,2098.0,False,14,2025-05-11,2098.0,2025-05-19
2025-05-25,IN,Debitor,Kundenrechnung,4961.0,False,30,2025-04-25,4961.0,2025-05-19
2025-05-26,IN,Debitor,Kundenrechnung,10050.0,False,30,2025-04-26,10050.0,2025-05-26
2025-05-26,IN,Debitor,Kundenrechnung,5446.0,False,30,2025-04-26,5446.0,2025-05-26
2025-05-26,IN,Debitor,Kundenrechnung,8893.0,False,30,2025-04-26,8893.0,2025-05-26
2025-05-26,OUT,Kreditor,Marketing,4436.0,False,30,2025-04-26,-4436.0,2025-05-26
2025-05-26,OUT,Kreditor,Marketing,6895.0,False,14,2025-05-12,-6895.0,2025-05-26
2025-05-27,IN,Debitor,Kundenrechnung,6642.0,False,14,2025-05-13,6642.0,2025-05-26
2025-05-27,IN,Debitor,Kundenrechnung,9679.0,False,14,2025-05-13,9679.0,2025-05-26
2025-05-27,IN,Debitor,Kundenrechnung,9339.0,False,30,2025-04-27,9339.0,2025-05-26
2025-05-27,OUT,Kreditor,Sonstiges,11716.0,False,14,2025-05-13,-11716.0,2025-05-26
2025-05-27,OUT,Kreditor,Marketing,11757.0,False,30,2025-04-27,-11757.0,2025-05-26
2025-05-28,OUT,Kreditor,Sonstiges,2686.0,False,14,2025-05-14,-2686.0,2025-05-26
2025-05-28,OUT,Kreditor,Marketing,8455.0,False,30,2025-04-28,-8455.0,2025-05-26
2025-05-28,OUT,Kreditor,Sonstiges,6442.0,False,30,2025-04-28,-6442.0,2025-05-26
2025-05-28,OUT,Kreditor,Sonstiges,4394.0,False,14,2025-05-14,-4394.0,2025-05-26
2025-05-28,OUT,Kreditor,Lieferant,7102.0,False,30,2025-04-28,-7102.0,2025-05-26
2025-05-28,OUT,Kreditor,Sonstiges,6854.0,False,30,2025-04-28,-6854.0,2025-05-26
2025-05-29,IN,Debitor,Kundenrechnung,6780.0,False,14,2025-05-15,6780.0,2025-05-26
2025-05-29,IN,Debitor,Kundenrechnung,14039.0,False,30,2025-04-29,14039.0,2025-05-26
2025-05-29,IN,Debitor,Kundenrechnung,6495.0,False,30,2025-04-29,6495.0,2025-05-26
2025-05-29,IN,Debitor,Kundenrechnung,11163.0,False,45,2025-04-14,11163.0,2025-05-26
2025-05-29,IN,Debitor,Kundenrechnung,8614.0,False,45,2025-04-14,8614.0,2025-05-26
2025-05-29,OUT,Kreditor,Marketing,6919.0,False,14,2025-05-15,-6919.0,2025-05-26
2025-05-29,OUT,Kreditor,Marketing,1853.0,False,14,2025-05-15,-1853.0,2025-05-26
2025-05-29,OUT,Kreditor,Marketing,4769.0,False,30,2025-04-29,-4769.0,2025-05-26
2025-05-29,OUT,Kreditor,Sonstiges,2148.0,False,30,2025-04-29,-2148.0,2025-05-26
2025-05-29,OUT,Kreditor,Lieferant,8509.0,False,30,2025-04-29,-8509.0,2025-05-26
2025-05-29,OUT,Kreditor,Sonstiges,5777.0,False,14,2025-05-15,-5777.0,2025-05-26
2025-05-30,OUT,Kreditor,Lieferant,10874.0,False,30,2025-04-30,-10874.0,2025-05-26
2025-05-30,OUT,Kreditor,Lieferant,8079.0,False,30,2025-04-30,-8079.0,2025-05-26
2025-05-30,OUT,Kreditor,Sonstiges,1635.0,False,30,2025-04-30,-1635.0,2025-05-26
2025-05-30,IN,Debitor,Kundenrechnung,2876.0,False,30,2025-04-30,2876.0,2025-05-26
2025-05-30,OUT,Kreditor,Marketing,5142.0,False,14,2025-05-16,-5142.0,2025-05-26
2025-05-31,IN,Debitor,Kundenrechnung,10308.0,False,30,2025-05-01,10308.0,2025-05-26
2025-05-31,OUT,Kreditor,Marketing,3838.0,False,14,2025-05-17,-3838.0,2025-05-26
2025-06-01,OUT,Kreditor,Marketing,8004.0,False,14,2025-05-18,-8004.0,2025-05-26
2025-06-01,OUT,Kreditor,Lieferant,4343.0,False,14,2025-05-18,-4343.0,2025-05-26
2025-06-01,OUT,Kreditor,Lieferant,10662.0,False,30,2025-05-02,-10662.0,2025-05-26
2025-06-01,OUT,Kreditor,Miete,8000.0,True,0,2025-06-01,-8000.0,2025-05-26
2025-06-01,IN,Debitor,Kundenrechnung,5672.0,False,14,2025-05-18,5672.0,2025-05-26
2025-06-01,OUT,Kreditor,Gehalt,25000.0,True,0,2025-06-01,-25000.0,2025-05-26
2025-06-02,IN,Debitor,Kundenrechnung,14237.0,False,14,2025-05-19,14237.0,2025-06-02
2025-06-02,OUT,Kreditor,Sonstiges,3141.0,False,30,2025-05-03,-3141.0,2025-06-02
2025-06-03,IN,Debitor,Kundenrechnung,11949.0,False,14,2025-05-20,11949.0,2025-06-02
2025-06-03,IN,Debitor,Kundenrechnung,12262.0,False,30,2025-05-04,12262.0,2025-06-02
2025-06-03,OUT,Kreditor,Sonstiges,7665.0,False,14,2025-05-20,-7665.0,2025-06-02
2025-06-03,OUT,Kreditor,Marketing,3849.0,False,30,2025-05-04,-3849.0,2025-06-02
2025-06-04,OUT,Kreditor,Marketing,3738.0,False,14,2025-05-21,-3738.0,2025-06-02
2025-06-04,IN,Debitor,Kundenrechnung,6000.0,False,14,2025-05-21,6000.0,2025-06-02
2025-06-04,IN,Debitor,Kundenrechnung,14784.0,False,45,2025-04-20,14784.0,2025-06-02
2025-06-04,IN,Debitor,Kundenrechnung,2851.0,False,30,2025-05-05,2851.0,2025-06-02
2025-06-04,IN,Debitor,Kundenrechnung,13938.0,False,14,2025-05-21,13938.0,2025-06-02
2025-06-05,IN,Debitor,Kundenrechnung,12738.0,False,30,2025-05-06,12738.0,2025-06-02
2025-06-05,IN,Debitor,Kundenrechnung,4082.0,False,45,2025-04-21,4082.0,2025-06-02
2025-06-05,IN,Debitor,Kundenrechnung,13088.0,False,30,2025-05-06,13088.0,2025-06-02
2025-06-05,OUT,Kreditor,Lieferant,9967.0,False,30,2025-05-06,-9967.0,2025-06-02
2025-06-05,OUT,Kreditor,Sonstiges,10817.0,False,30,2025-05-06,-10817.0,2025-06-02
2025-06-06,IN,Debitor,Kundenrechnung,2728.0,False,14,2025-05-23,2728.0,2025-06-02
2025-06-06,OUT,Kreditor,Lieferant,8164.0,False,30,2025-05-07,-8164.0,2025-06-02
2025-06-06,OUT,Kreditor,Lieferant,6988.0,False,30,2025-05-07,-6988.0,2025-06-02
2025-06-06,OUT,Kreditor,Lieferant,3786.0,False,14,2025-05-23,-3786.0,2025-06-02
2025-06-07,OUT,Kreditor,Sonstiges,11011.0,False,14,2025-05-24,-11011.0,2025-06-02
2025-06-07,OUT,Kreditor,Sonstiges,5946.0,False,14,2025-05-24,-5946.0,2025-06-02
2025-06-07,OUT,Kreditor,Lieferant,9082.0,False,14,2025-05-24,-9082.0,2025-06-02
2025-06-07,OUT,Kreditor,Lieferant,1395.0,False,14,2025-05-24,-1395.0,2025-06-02
2025-06-07,OUT,Kreditor,Lieferant,8186.0,False,30,2025-05-08,-8186.0,2025-06-02
2025-06-07,OUT,Kreditor,Lieferant,2365.0,False,14,2025-05-24,-2365.0,2025-06-02
2025-06-07,IN,Debitor,Kundenrechnung,10787.0,False,14,2025-05-24,10787.0,2025-06-02
2025-06-07,IN,Debitor,Kundenrechnung,14144.0,False,30,2025-05-08,14144.0,2025-06-02
2025-06-08,OUT,Kreditor,Lieferant,6588.0,False,14,2025-05-25,-6588.0,2025-06-02
2025-06-08,OUT,Kreditor,Lieferant,2167.0,False,14,2025-05-25,-2167.0,2025-06-02
2025-06-09,OUT,Kreditor,Lieferant,5729.0,False,14,2025-05-26,-5729.0,2025-06-09
2025-06-10,IN,Debitor,Kundenrechnung,3542.0,False,30,2025-05-11,3542.0,2025-06-09
2025-06-10,IN,Debitor,Kundenrechnung,3191.0,False,30,2025-05-11,3191.0,2025-06-09
2025-06-10,OUT,Kreditor,Sonstiges,7938.0,False,30,2025-05-11,-7938.0,2025-06-09
2025-06-10,OUT,Kreditor,Lieferant,2540.0,False,14,2025-05-27,-2540.0,2025-06-09
2025-06-10,OUT,Kreditor,Marketing,6541.0,False,30,2025-05-11,-6541.0,2025-06-09
2025-06-11,OUT,Kreditor,Lieferant,7619.0,False,14,2025-05-28,-7619.0,2025-06-09
2025-06-11,OUT,Kreditor,Lieferant,5268.0,False,30,2025-05-12,-5268.0,2025-06-09
2025-06-11,OUT,Kreditor,Sonstiges,10435.0,False,30,2025-05-12,-10435.0,2025-06-09
2025-06-11,IN,Debitor,Kundenrechnung,12406.0,False,45,2025-04-27,12406.0,2025-06-09
2025-06-11,IN,Debitor,Kundenrechnung,8588.0,False,30,2025-05-12,8588.0,2025-06-09
2025-06-11,OUT,Kreditor,Sonstiges,9905.0,False,14,2025-05-28,-9905.0,2025-06-09
2025-06-12,OUT,Kreditor,Lieferant,4584.0,False,30,2025-05-13,-4584.0,2025-06-09
2025-06-12,OUT,Kreditor,Lieferant,7190.0,False,14,2025-05-29,-7190.0,2025-06-09
2025-06-12,OUT,Kreditor,Marketing,6348.0,False,14,2025-05-29,-6348.0,2025-06-09
2025-06-12,OUT,Kreditor,Marketing,6645.0,False,14,2025-05-29,-6645.0,2025-06-09
2025-06-12,IN,Debitor,Kundenrechnung,6175.0,False,30,2025-05-13,6175.0,2025-06-09
2025-06-12,IN,Debitor,Kundenrechnung,6910.0,False,14,2025-05-29,6910.0,2025-06-09
2025-06-12,IN,Debitor,Kundenrechnung,8316.0,False,14,2025-05-29,8316.0,2025-06-09
2025-06-12,IN,Debitor,Kundenrechnung,13476.0,False,45,2025-04-28,13476.0,2025-06-09
2025-06-13,OUT,Kreditor,Lieferant,7132.0,False,30,2025-05-14,-7132.0,2025-06-09
2025-06-13,IN,Debitor,Kundenrechnung,8819.0,False,30,2025-05-14,8819.0,2025-06-09
2025-06-13,IN,Debitor,Kundenrechnung,5719.0,False,30,2025-05-14,5719.0,2025-06-09
2025-06-13,OUT,Kreditor,Sonstiges,8483.0,False,30,2025-05-14,-8483.0,2025-06-09
2025-06-13,OUT,Kreditor,Lieferant,11971.0,False,14,2025-05-30,-11971.0,2025-06-09
2025-06-13,OUT,Kreditor,Marketing,5835.0,False,30,2025-05-14,-5835.0,2025-06-09
2025-06-13,OUT,Kreditor,Lieferant,8102.0,False,14,2025-05-30,-8102.0,2025-06-09
2025-06-14,OUT,Kreditor,Sonstiges,3871.0,False,30,2025-05-15,-3871.0,2025-06-09
2025-06-14,OUT,Kreditor,Sonstiges,11136.0,False,30,2025-05-15,-11136.0,2025-06-09
2025-06-14,IN,Debitor,Kundenrechnung,6804.0,False,45,2025-04-30,6804.0,2025-06-09
2025-06-15,OUT,Kreditor,Marketing,1404.0,False,30,2025-05-16,-1404.0,2025-06-09
2025-06-15,OUT,Kreditor,Marketing,8266.0,False,14,2025-06-01,-8266.0,2025-06-09
2025-06-15,OUT,Kreditor,Sonstiges,5000.0,False,14,2025-06-01,-5000.0,2025-06-09
2025-06-15,OUT,Kreditor,Lieferant,3000.0,False,14,2025-06-01,-3000.0,2025-06-09
2025-06-15,OUT,Kreditor,Gehalt,25000.0,True,0,2025-06-15,-25000.0,2025-06-09
2025-06-15,OUT,Kreditor,Miete,8000.0,True,0,2025-06-15,-8000.0,2025-06-09
2025-06-15,IN,Debitor,Kundenrechnung,5925.0,False,45,2025-05-01,5925.0,2025-06-09
2025-06-15,OUT,Kreditor,Lieferant,7938.0,False,14,2025-06-01,-7938.0,2025-06-09
2025-06-16,IN,Debitor,Kundenrechnung,4048.0,False,45,2025-05-02,4048.0,2025-06-16
2025-06-16,IN,Debitor,Kundenrechnung,6780.0,False,14,2025-06-02,6780.0,2025-06-16
2025-06-16,IN,Debitor,Kundenrechnung,9939.0,False,30,2025-05-17,9939.0,2025-06-16
2025-06-16,IN,Debitor,Kundenrechnung,6544.0,False,14,2025-06-02,6544.0,2025-06-16
2025-06-16,IN,Debitor,Kundenrechnung,14775.0,False,30,2025-05-17,14775.0,2025-06-16
2025-06-16,OUT,Kreditor,Marketing,4419.0,False,30,2025-05-17,-4419.0,2025-06-16
2025-06-17,OUT,Kreditor,Lieferant,2252.0,False,30,2025-05-18,-2252.0,2025-06-16
2025-06-17,OUT,Kreditor,Marketing,7544.0,False,14,2025-06-03,-7544.0,2025-06-16
2025-06-17,OUT,Kreditor,Marketing,8901.0,False,14,2025-06-03,-8901.0,2025-06-16
2025-06-17,OUT,Kreditor,Lieferant,9427.0,False,30,2025-05-18,-9427.0,2025-06-16
2025-06-18,IN,Debitor,Kundenrechnung,8949.0,False,30,2025-05-19,8949.0,2025-06-16
2025-06-18,IN,Debitor,Kundenrechnung,8241.0,False,30,2025-05-19,8241.0,2025-06-16
2025-06-19,IN,Debitor,Kundenrechnung,8327.0,False,14,2025-06-05,8327.0,2025-06-16
2025-06-19,IN,Debitor,Kundenrechnung,7449.0,False,14,2025-06-05,7449.0,2025-06-16
2025-06-19,IN,Debitor,Kundenrechnung,5579.0,False,14,2025-06-05,5579.0,2025-06-16
2025-06-19,OUT,Kreditor,Sonstiges,11785.0,False,14,2025-06-05,-11785.0,2025-06-16
2025-06-19,OUT,Kreditor,Lieferant,6569.0,False,30,2025-05-20,-6569.0,2025-06-16
2025-06-19,OUT,Kreditor,Marketing,4818.0,False,30,2025-05-20,-4818.0,2025-06-16
2025-06-19,OUT,Kreditor,Marketing,2906.0,False,14,2025-06-05,-2906.0,2025-06-16
2025-06-19,OUT,Kreditor,Marketing,8830.0,False,30,2025-05-20,-8830.0,2025-06-16
2025-06-19,OUT,Kreditor,Marketing,7238.0,False,30,2025-05-20,-7238.0,2025-06-16
2025-06-20,OUT,Kreditor,Sonstiges,8240.0,False,14,2025-06-06,-8240.0,2025-06-16
2025-06-20,OUT,Kreditor,Lieferant,10945.0,False,14,2025-06-06,-10945.0,2025-06-16
2025-06-20,OUT,Kreditor,Lieferant,3593.0,False,30,2025-05-21,-3593.0,2025-06-16
2025-06-20,OUT,Kreditor,Sonstiges,7376.0,False,30,2025-05-21,-7376.0,2025-06-16
2025-06-20,OUT,Kreditor,Lieferant,7677.0,False,30,2025-05-21,-7677.0,2025-06-16
2025-06-20,OUT,Kreditor,Sonstiges,6585.0,False,14,2025-06-06,-6585.0,2025-06-16
2025-06-20,IN,Debitor,Kundenrechnung,9956.0,False,14,2025-06-06,9956.0,2025-06-16
2025-06-21,IN,Debitor,Kundenrechnung,12247.0,False,14,2025-06-07,12247.0,2025-06-16
2025-06-21,IN,Debitor,Kundenrechnung,3276.0,False,45,2025-05-07,3276.0,2025-06-16
2025-06-21,IN,Debitor,Kundenrechnung,2302.0,False,45,2025-05-07,2302.0,2025-06-16
2025-06-21,OUT,Kreditor,Sonstiges,1055.0,False,30,2025-05-22,-1055.0,2025-06-16
2025-06-22,IN,Debitor,Kundenrechnung,7126.0,False,45,2025-05-08,7126.0,2025-06-16
2025-06-22,IN,Debitor,Kundenrechnung,3646.0,False,45,2025-05-08,3646.0,2025-06-16
2025-06-22,OUT,Kreditor,Marketing,3797.0,False,14,2025-06-08,-3797.0,2025-06-16
2025-06-23,OUT,Kreditor,Lieferant,6750.0,False,30,2025-05-24,-6750.0,2025-06-23
2025-06-23,OUT,Kreditor,Marketing,9905.0,False,14,2025-06-09,-9905.0,2025-06-23
2025-06-23,OUT,Kreditor,Marketing,2296.0,False,30,2025-05-24,-2296.0,2025-06-23
2025-06-24,OUT,Kreditor,Sonstiges,6401.0,False,14,2025-06-10,-6401.0,2025-06-23
2025-06-24,OUT,Kreditor,Sonstiges,11852.0,False,30,2025-05-25,-11852.0,2025-06-23
2025-06-24,OUT,Kreditor,Marketing,11167.0,False,14,2025-06-10,-11167.0,2025-06-23
2025-06-24,OUT,Kreditor,Lieferant,8943.0,False,30,2025-05-25,-8943.0,2025-06-23
2025-06-24,IN,Debitor,Kundenrechnung,6206.0,False,30,2025-05-25,6206.0,2025-06-23
2025-06-24,OUT,Kreditor,Sonstiges,7738.0,False,14,2025-06-10,-7738.0,2025-06-23
2025-06-25,IN,Debitor,Kundenrechnung,13613.0,False,45,2025-05-11,13613.0,2025-06-23
2025-06-25,IN,Debitor,Kundenrechnung,5517.0,False,30,2025-05-26,5517.0,2025-06-23
2025-06-25,OUT,Kreditor,Marketing,11589.0,False,30,2025-05-26,-11589.0,2025-06-23
2025-06-25,OUT,Kreditor,Marketing,10352.0,False,14,2025-06-11,-10352.0,2025-06-23
2025-06-26,OUT,Kreditor,Lieferant,10765.0,False,30,2025-05-27,-10765.0,2025-06-23
2025-06-26,OUT,Kreditor,Sonstiges,7233.0,False,30,2025-05-27,-7233.0,2025-06-23
2025-06-26,OUT,Kreditor,Marketing,5208.0,False,14,2025-06-12,-5208.0,2025-06-23
2025-06-26,OUT,Kreditor,Lieferant,11002.0,False,30,2025-05-27,-11002.0,2025-06-23
2025-06-26,OUT,Kreditor,Sonstiges,7469.0,False,30,2025-05-27,-7469.0,2025-06-23
2025-06-26,IN,Debitor,Kundenrechnung,2846.0,False,45,2025-05-12,2846.0,2025-06-23
2025-06-26,IN,Debitor,Kundenrechnung,7560.0,False,30,2025-05-27,7560.0,2025-06-23
2025-06-26,IN,Debitor,Kundenrechnung,8316.0,False,14,2025-06-12,8316.0,2025-06-23
2025-06-27,IN,Debitor,Kundenrechnung,14977.0,False,30,2025-05-28,14977.0,2025-06-23
2025-06-27,OUT,Kreditor,Marketing,1260.0,False,30,2025-05-28,-1260.0,2025-06-23
2025-06-28,OUT,Kreditor,Sonstiges,3560.0,False,30,2025-05-29,-3560.0,2025-06-23
2025-06-28,OUT,Kreditor,Lieferant,10064.0,False,30,2025-05-29,-10064.0,2025-06-23
2025-06-28,OUT,Kreditor,Lieferant,6951.0,False,30,2025-05-29,-6951.0,2025-06-23
2025-06-28,OUT,Kreditor,Marketing,3635.0,False,14,2025-06-14,-3635.0,2025-06-23
2025-06-28,IN,Debitor,Kundenrechnung,9984.0,False,14,2025-06-14,9984.0,2025-06-23
2025-06-28,IN,Debitor,Kundenrechnung,14621.0,False,14,2025-06-14,14621.0,2025-06-23
2025-06-28,IN,Debitor,Kundenrechnung,14219.0,False,30,2025-05-29,14219.0,2025-06-23
2025-06-28,OUT,Kreditor,Marketing,9567.0,False,14,2025-06-14,-9567.0,2025-06-23
2025-06-29,IN,Debitor,Kundenrechnung,3065.0,False,14,2025-06-15,3065.0,2025-06-23
2025-06-29,IN,Debitor,Kundenrechnung,12641.0,False,45,2025-05-15,12641.0,2025-06-23
2025-06-29,OUT,Kreditor,Marketing,7943.0,False,14,2025-06-15,-7943.0,2025-06-23
2025-06-29,OUT,Kreditor,Lieferant,7565.0,False,14,2025-06-15,-7565.0,2025-06-23
2025-06-29,OUT,Kreditor,Marketing,5670.0,False,14,2025-06-15,-5670.0,2025-06-23
2025-06-30,IN,Debitor,Kundenrechnung,7765.0,False,45,2025-05-16,7765.0,2025-06-30
2025-06-30,IN,Debitor,Kundenrechnung,3202.0,False,30,2025-05-31,3202.0,2025-06-30
2025-06-30,OUT,Kreditor,Marketing,6567.0,False,14,2025-06-16,-6567.0,2025-06-30
2025-06-30,OUT,Kreditor,Lieferant,6788.0,False,30,2025-05-31,-6788.0,2025-06-30
2025-06-30,OUT,Kreditor,Marketing,9669.0,False,14,2025-06-16,-9669.0,2025-06-30
2025-07-01,OUT,Kreditor,Lieferant,7371.0,False,30,2025-06-01,-7371.0,2025-06-30
2025-07-01,OUT,Kreditor,Marketing,7028.0,False,14,2025-06-17,-7028.0,2025-06-30
2025-07-01,OUT,Kreditor,Marketing,5612.0,False,30,2025-06-01,-5612.0,2025-06-30
2025-07-01,OUT,Kreditor,Miete,8000.0,True,0,2025-07-01,-8000.0,2025-06-30
2025-07-01,IN,Debitor,Kundenrechnung,4645.0,False,30,2025-06-01,4645.0,2025-06-30
2025-07-01,OUT,Kreditor,Gehalt,25000.0,True,0,2025-07-01,-25000.0,2025-06-30
2025-07-02,IN,Debitor,Kundenrechnung,4674.0,False,45,2025-05-18,4674.0,2025-06-30
2025-07-02,IN,Debitor,Kundenrechnung,12147.0,False,30,2025-06-02,12147.0,2025-06-30
2025-07-02,IN,Debitor,Kundenrechnung,12026.0,False,45,2025-05-18,12026.0,2025-06-30
2025-07-02,OUT,Kreditor,Marketing,3116.0,False,30,2025-06-02,-3116.0,2025-06-30
2025-07-02,OUT,Kreditor,Sonstiges,11789.0,False,30,2025-06-02,-11789.0,2025-06-30
2025-07-03,OUT,Kreditor,Marketing,9795.0,False,30,2025-06-03,-9795.0,2025-06-30
2025-07-03,IN,Debitor,Kundenrechnung,9790.0,False,45,2025-05-19,9790.0,2025-06-30
2025-07-03,OUT,Kreditor,Lieferant,4531.0,False,30,2025-06-03,-4531.0,2025-06-30
2025-07-03,OUT,Kreditor,Marketing,4876.0,False,30,2025-06-03,-4876.0,2025-06-30
2025-07-04,OUT,Kreditor,Sonstiges,4368.0,False,14,2025-06-20,-4368.0,2025-06-30
2025-07-05,OUT,Kreditor,Marketing,8970.0,False,30,2025-06-05,-8970.0,2025-06-30
2025-07-05,OUT,Kreditor,Lieferant,4507.0,False,14,2025-06-21,-4507.0,2025-06-30
2025-07-05,OUT,Kreditor,Sonstiges,1536.0,False,14,2025-06-21,-1536.0,2025-06-30
2025-07-05,OUT,Kreditor,Marketing,3708.0,False,14,2025-06-21,-3708.0,2025-06-30
2025-07-05,OUT,Kreditor,Lieferant,10524.0,False,30,2025-06-05,-10524.0,2025-06-30
2025-07-05,IN,Debitor,Kundenrechnung,7031.0,False,45,2025-05-21,7031.0,2025-06-30
2025-07-06,IN,Debitor,Kundenrechnung,3205.0,False,14,2025-06-22,3205.0,2025-06-30
2025-07-06,IN,Debitor,Kundenrechnung,3990.0,False,30,2025-06-06,3990.0,2025-06-30
2025-07-06,IN,Debitor,Kundenrechnung,5572.0,False,14,2025-06-22,5572.0,2025-06-30
2025-07-06,IN,Debitor,Kundenrechnung,8320.0,False,14,2025-06-22,8320.0,2025-06-30
2025-07-07,OUT,Kreditor,Lieferant,2759.0,False,30,2025-06-07,-2759.0,2025-07-07
2025-07-07,OUT,Kreditor,Marketing,7704.0,False,14,2025-06-23,-7704.0,2025-07-07
2025-07-07,OUT,Kreditor,Marketing,11454.0,False,14,2025-06-23,-11454.0,2025-07-07
2025-07-07,IN,Debitor,Kundenrechnung,5701.0,False,30,2025-06-07,5701.0,2025-07-07
2025-07-07,IN,Debitor,Kundenrechnung,7182.0,False,14,2025-06-23,7182.0,2025-07-07
2025-07-08,IN,Debitor,Kundenrechnung,7490.0,False,45,2025-05-24,7490.0,2025-07-07
2025-07-08,IN,Debitor,Kundenrechnung,13249.0,False,30,2025-06-08,13249.0,2025-07-07
2025-07-08,OUT,Kreditor,Lieferant,7645.0,False,30,2025-06-08,-7645.0,2025-07-07
2025-07-08,OUT,Kreditor,Marketing,6797.0,False,14,2025-06-24,-6797.0,2025-07-07
2025-07-08,OUT,Kreditor,Lieferant,7016.0,False,14,2025-06-24,-7016.0,2025-07-07
2025-07-08,OUT,Kreditor,Marketing,9038.0,False,30,2025-06-08,-9038.0,2025-07-07
2025-07-09,OUT,Kreditor,Sonstiges,3143.0,False,30,2025-06-09,-3143.0,2025-07-07
2025-07-09,OUT,Kreditor,Sonstiges,7612.0,False,14,2025-06-25,-7612.0,2025-07-07
2025-07-09,OUT,Kreditor,Lieferant,3538.0,False,30,2025-06-09,-3538.0,2025-07-07
2025-07-09,OUT,Kreditor,Sonstiges,4054.0,False,14,2025-06-25,-4054.0,2025-07-07
2025-07-09,IN,Debitor,Kundenrechnung,12682.0,False,45,2025-05-25,12682.0,2025-07-07
2025-07-09,OUT,Kreditor,Lieferant,4310.0,False,14,2025-06-25,-4310.0,2025-07-07
2025-07-09,IN,Debitor,Kundenrechnung,10519.0,False,30,2025-06-09,10519.0,2025-07-07
2025-07-09,OUT,Kreditor,Lieferant,8218.0,False,30,2025-06-09,-8218.0,2025-07-07
2025-07-10,IN,Debitor,Kundenrechnung,11106.0,False,14,2025-06-26,11106.0,2025-07-07
2025-07-10,OUT,Kreditor,Sonstiges,5177.0,False,14,2025-06-26,-5177.0,2025-07-07
2025-07-10,OUT,Kreditor,Marketing,7852.0,False,30,2025-06-10,-7852.0,2025-07-07
2025-07-10,OUT,Kreditor,Marketing,2409.0,False,14,2025-06-26,-2409.0,2025-07-07
2025-07-11,OUT,Kreditor,Sonstiges,3599.0,False,14,2025-06-27,-3599.0,2025-07-07
2025-07-11,OUT,Kreditor,Lieferant,2387.0,False,30,2025-06-11,-2387.0,2025-07-07
2025-07-11,OUT,Kreditor,Marketing,3679.0,False,30,2025-06-11,-3679.0,2025-07-07
2025-07-11,OUT,Kreditor,Lieferant,5223.0,False,30,2025-06-11,-5223.0,2025-07-07
2025-07-11,OUT,Kreditor,Lieferant,4186.0,False,30,2025-06-11,-4186.0,2025-07-07
2025-07-12,OUT,Kreditor,Sonstiges,1074.0,False,30,2025-06-12,-1074.0,2025-07-07
2025-07-12,OUT,Kreditor,Marketing,11849.0,False,14,2025-06-28,-11849.0,2025-07-07
2025-07-12,IN,Debitor,Kundenrechnung,12268.0,False,14,2025-06-28,12268.0,2025-07-07
2025-07-13,IN,Debitor,Kundenrechnung,2341.0,False,14,2025-06-29,2341.0,2025-07-07
2025-07-13,IN,Debitor,Kundenrechnung,4074.0,False,14,2025-06-29,4074.0,2025-07-07
2025-07-13,IN,Debitor,Kundenrechnung,2645.0,False,45,2025-05-29,2645.0,2025-07-07
2025-07-13,OUT,Kreditor,Sonstiges,5263.0,False,30,2025-06-13,-5263.0,2025-07-07
2025-07-13,OUT,Kreditor,Lieferant,7136.0,False,14,2025-06-29,-7136.0,2025-07-07
2025-07-13,OUT,Kreditor,Lieferant,10900.0,False,30,2025-06-13,-10900.0,2025-07-07
2025-07-14,IN,Debitor,Kundenrechnung,7490.0,False,30,2025-06-14,7490.0,2025-07-14
2025-07-14,IN,Debitor,Kundenrechnung,6124.0,False,14,2025-06-30,6124.0,2025-07-14
2025-07-14,OUT,Kreditor,Marketing,4850.0,False,30,2025-06-14,-4850.0,2025-07-14
2025-07-14,OUT,Kreditor,Lieferant,7819.0,False,14,2025-06-30,-7819.0,2025-07-14
2025-07-14,OUT,Kreditor,Sonstiges,10442.0,False,30,2025-06-14,-10442.0,2025-07-14
2025-07-15,OUT,Kreditor,Lieferant,3120.0,False,30,2025-06-15,-3120.0,2025-07-14
2025-07-15,OUT,Kreditor,Sonstiges,7122.0,False,14,2025-07-01,-7122.0,2025-07-14
2025-07-15,OUT,Kreditor,Gehalt,25000.0,True,0,2025-07-15,-25000.0,2025-07-14
2025-07-15,OUT,Kreditor,Sonstiges,1153.0,False,14,2025-07-01,-1153.0,2025-07-14
2025-07-15,IN,Debitor,Kundenrechnung,9674.0,False,14,2025-07-01,9674.0,2025-07-14
2025-07-15,OUT,Kreditor,Miete,8000.0,True,0,2025-07-15,-8000.0,2025-07-14
2025-07-15,IN,Debitor,Kundenrechnung,14112.0,False,30,2025-06-15,14112.0,2025-07-14
2025-07-16,OUT,Kreditor,Sonstiges,8982.0,False,30,2025-06-16,-8982.0,2025-07-14
2025-07-16,OUT,Kreditor,Marketing,4640.0,False,14,2025-07-02,-4640.0,2025-07-14
2025-07-16,OUT,Kreditor,Lieferant,4004.0,False,30,2025-06-16,-4004.0,2025-07-14
2025-07-16,OUT,Kreditor,Marketing,9407.0,False,30,2025-06-16,-9407.0,2025-07-14
2025-07-16,IN,Debitor,Kundenrechnung,11828.0,False,45,2025-06-01,11828.0,2025-07-14
2025-07-16,IN,Debitor,Kundenrechnung,9009.0,False,45,2025-06-01,9009.0,2025-07-14
2025-07-16,IN,Debitor,Kundenrechnung,6090.0,False,14,2025-07-02,6090.0,2025-07-14
2025-07-17,IN,Debitor,Kundenrechnung,10238.0,False,30,2025-06-17,10238.0,2025-07-14
2025-07-17,IN,Debitor,Kundenrechnung,6806.0,False,14,2025-07-03,6806.0,2025-07-14
2025-07-17,IN,Debitor,Kundenrechnung,14182.0,False,30,2025-06-17,14182.0,2025-07-14
2025-07-17,IN,Debitor,Kundenrechnung,9124.0,False,30,2025-06-17,9124.0,2025-07-14
2025-07-17,IN,Debitor,Kundenrechnung,14537.0,False,45,2025-06-02,14537.0,2025-07-14
2025-07-17,IN,Debitor,Kundenrechnung,14045.0,False,45,2025-06-02,14045.0,2025-07-14
2025-07-17,OUT,Kreditor,Marketing,9820.0,False,14,2025-07-03,-9820.0,2025-07-14
2025-07-18,OUT,Kreditor,Marketing,4223.0,False,30,2025-06-18,-4223.0,2025-07-14
2025-07-18,OUT,Kreditor,Sonstiges,2466.0,False,14,2025-07-04,-2466.0,2025-07-14
2025-07-18,IN,Debitor,Kundenrechnung,5042.0,False,30,2025-06-18,5042.0,2025-07-14
2025-07-18,OUT,Kreditor,Sonstiges,6392.0,False,14,2025-07-04,-6392.0,2025-07-14
2025-07-19,OUT,Kreditor,Marketing,5278.0,False,30,2025-06-19,-5278.0,2025-07-14
2025-07-19,OUT,Kreditor,Marketing,9230.0,False,30,2025-06-19,-9230.0,2025-07-14
2025-07-20,IN,Debitor,Kundenrechnung,5241.0,False,30,2025-06-20,5241.0,2025-07-14
2025-07-20,IN,Debitor,Kundenrechnung,12653.0,False,45,2025-06-05,12653.0,2025-07-14
2025-07-20,IN,Debitor,Kundenrechnung,11996.0,False,14,2025-07-06,11996.0,2025-07-14
2025-07-20,OUT,Kreditor,Marketing,4810.0,False,14,2025-07-06,-4810.0,2025-07-14
2025-07-20,OUT,Kreditor,Lieferant,10005.0,False,30,2025-06-20,-10005.0,2025-07-14
2025-07-20,OUT,Kreditor,Lieferant,3032.0,False,30,2025-06-20,-3032.0,2025-07-14
2025-07-21,OUT,Kreditor,Lieferant,2828.0,False,14,2025-07-07,-2828.0,2025-07-21
2025-07-21,OUT,Kreditor,Marketing,3632.0,False,14,2025-07-07,-3632.0,2025-07-21
2025-07-21,IN,Debitor,Kundenrechnung,10173.0,False,45,2025-06-06,10173.0,2025-07-21
2025-07-21,OUT,Kreditor,Marketing,9056.0,False,30,2025-06-21,-9056.0,2025-07-21
2025-07-21,IN,Debitor,Kundenrechnung,6388.0,False,14,2025-07-07,6388.0,2025-07-21
2025-07-21,IN,Debitor,Kundenrechnung,4033.0,False,30,2025-06-21,4033.0,2025-07-21
2025-07-21,IN,Debitor,Kundenrechnung,3165.0,False,30,2025-06-21,3165.0,2025-07-21
2025-07-21,IN,Debitor,Kundenrechnung,10623.0,False,14,2025-07-07,10623.0,2025-07-21
2025-07-22,OUT,Kreditor,Lieferant,6690.0,False,14,2025-07-08,-6690.0,2025-07-21
2025-07-22,OUT,Kreditor,Lieferant,6429.0,False,14,2025-07-08,-6429.0,2025-07-21
2025-07-22,OUT,Kreditor,Sonstiges,4564.0,False,30,2025-06-22,-4564.0,2025-07-21
2025-07-22,OUT,Kreditor,Sonstiges,8274.0,False,14,2025-07-08,-8274.0,2025-07-21
2025-07-22,OUT,Kreditor,Lieferant,3265.0,False,14,2025-07-08,-3265.0,2025-07-21
2025-07-23,OUT,Kreditor,Lieferant,2290.0,False,30,2025-06-23,-2290.0,2025-07-21
2025-07-23,OUT,Kreditor,Sonstiges,11568.0,False,14,2025-07-09,-11568.0,2025-07-21
2025-07-23,OUT,Kreditor,Lieferant,5876.0,False,14,2025-07-09,-5876.0,2025-07-21
2025-07-23,IN,Debitor,Kundenrechnung,4466.0,False,30,2025-06-23,4466.0,2025-07-21
2025-07-23,IN,Debitor,Kundenrechnung,9312.0,False,45,2025-06-08,9312.0,2025-07-21
2025-07-23,IN,Debitor,Kundenrechnung,11041.0,False,30,2025-06-23,11041.0,2025-07-21
2025-07-23,IN,Debitor,Kundenrechnung,14447.0,False,45,2025-06-08,14447.0,2025-07-21
2025-07-24,OUT,Kreditor,Lieferant,6233.0,False,30,2025-06-24,-6233.0,2025-07-21
2025-07-24,OUT,Kreditor,Lieferant,1317.0,False,14,2025-07-10,-1317.0,2025-07-21
2025-07-24,OUT,Kreditor,Lieferant,5036.0,False,14,2025-07-10,-5036.0,2025-07-21
2025-07-24,OUT,Kreditor,Lieferant,9228.0,False,30,2025-06-24,-9228.0,2025-07-21
2025-07-24,OUT,Kreditor,Sonstiges,6295.0,False,30,2025-06-24,-6295.0,2025-07-21
2025-07-24,OUT,Kreditor,Marketing,5133.0,False,14,2025-07-10,-5133.0,2025-07-21
2025-07-24,IN,Debitor,Kundenrechnung,11175.0,False,45,2025-06-09,11175.0,2025-07-21
2025-07-25,IN,Debitor,Kundenrechnung,14643.0,False,45,2025-06-10,14643.0,2025-07-21
2025-07-25,IN,Debitor,Kundenrechnung,5738.0,False,30,2025-06-25,5738.0,2025-07-21
2025-07-25,IN,Debitor,Kundenrechnung,6795.0,False,45,2025-06-10,6795.0,2025-07-21
2025-07-25,OUT,Kreditor,Sonstiges,1556.0,False,14,2025-07-11,-1556.0,2025-07-21
2025-07-25,OUT,Kreditor,Marketing,6150.0,False,30,2025-06-25,-6150.0,2025-07-21
2025-07-25,OUT,Kreditor,Marketing,8561.0,False,14,2025-07-11,-8561.0,2025-07-21
2025-07-25,OUT,Kreditor,Marketing,4741.0,False,14,2025-07-11,-4741.0,2025-07-21
2025-07-25,OUT,Kreditor,Sonstiges,11321.0,False,30,2025-06-25,-11321.0,2025-07-21
2025-07-25,OUT,Kreditor,Lieferant,9780.0,False,30,2025-06-25,-9780.0,2025-07-21
2025-07-25,OUT,Kreditor,Sonstiges,1294.0,False,30,2025-06-25,-1294.0,2025-07-21
2025-07-25,OUT,Kreditor,Lieferant,10882.0,False,14,2025-07-11,-10882.0,2025-07-21
2025-07-26,OUT,Kreditor,Lieferant,11276.0,False,30,2025-06-26,-11276.0,2025-07-21
2025-07-26,OUT,Kreditor,Marketing,2435.0,False,30,2025-06-26,-2435.0,2025-07-21
2025-07-26,IN,Debitor,Kundenrechnung,13718.0,False,30,2025-06-26,13718.0,2025-07-21
2025-07-26,IN,Debitor,Kundenrechnung,7352.0,False,30,2025-06-26,7352.0,2025-07-21
2025-07-27,IN,Debitor,Kundenrechnung,10073.0,False,30,2025-06-27,10073.0,2025-07-21
2025-07-27,IN,Debitor,Kundenrechnung,4752.0,False,30,2025-06-27,4752.0,2025-07-21
2025-07-27,OUT,Kreditor,Marketing,5569.0,False,30,2025-06-27,-5569.0,2025-07-21
2025-07-27,OUT,Kreditor,Sonstiges,3353.0,False,30,2025-06-27,-3353.0,2025-07-21
2025-07-28,IN,Debitor,Kundenrechnung,12698.0,False,30,2025-06-28,12698.0,2025-07-28
2025-07-28,IN,Debitor,Kundenrechnung,13296.0,False,30,2025-06-28,13296.0,2025-07-28
2025-07-28,IN,Debitor,Kundenrechnung,14191.0,False,45,2025-06-13,14191.0,2025-07-28
2025-07-28,OUT,Kreditor,Sonstiges,10645.0,False,14,2025-07-14,-10645.0,2025-07-28
2025-07-29,OUT,Kreditor,Lieferant,6626.0,False,30,2025-06-29,-6626.0,2025-07-28
2025-07-29,OUT,Kreditor,Sonstiges,5179.0,False,14,2025-07-15,-5179.0,2025-07-28
2025-07-29,OUT,Kreditor,Marketing,1933.0,False,30,2025-06-29,-1933.0,2025-07-28
2025-07-29,OUT,Kreditor,Lieferant,4778.0,False,30,2025-06-29,-4778.0,2025-07-28
2025-07-29,IN,Debitor,Kundenrechnung,13722.0,False,45,2025-06-14,13722.0,2025-07-28
2025-07-29,OUT,Kreditor,Lieferant,1988.0,False,14,2025-07-15,-1988.0,2025-07-28
2025-07-29,OUT,Kreditor,Marketing,2980.0,False,30,2025-06-29,-2980.0,2025-07-28
2025-07-30,IN,Debitor,Kundenrechnung,5633.0,False,45,2025-06-15,5633.0,2025-07-28
2025-07-30,OUT,Kreditor,Lieferant,1959.0,False,30,2025-06-30,-1959.0,2025-07-28
2025-07-30,IN,Debitor,Kundenrechnung,10711.0,False,45,2025-06-15,10711.0,2025-07-28
2025-07-30,IN,Debitor,Kundenrechnung,5676.0,False,14,2025-07-16,5676.0,2025-07-28
2025-07-30,IN,Debitor,Kundenrechnung,3050.0,False,30,2025-06-30,3050.0,2025-07-28
2025-07-31,IN,Debitor,Kundenrechnung,7797.0,False,14,2025-07-17,7797.0,2025-07-28
2025-07-31,IN,Debitor,Kundenrechnung,9099.0,False,45,2025-06-16,9099.0,2025-07-28
2025-07-31,IN,Debitor,Kundenrechnung,7109.0,False,14,2025-07-17,7109.0,2025-07-28
2025-07-31,IN,Debitor,Kundenrechnung,2116.0,False,30,2025-07-01,2116.0,2025-07-28
2025-07-31,OUT,Kreditor,Marketing,6463.0,False,30,2025-07-01,-6463.0,2025-07-28
2025-07-31,OUT,Kreditor,Lieferant,4788.0,False,30,2025-07-01,-4788.0,2025-07-28
2025-08-01,OUT,Kreditor,Sonstiges,1089.0,False,30,2025-07-02,-1089.0,2025-07-28
2025-08-01,OUT,Kreditor,Sonstiges,11433.0,False,14,2025-07-18,-11433.0,2025-07-28
2025-08-01,OUT,Kreditor,Sonstiges,8833.0,False,14,2025-07-18,-8833.0,2025-07-28
2025-08-01,OUT,Kreditor,Sonstiges,9032.0,False,14,2025-07-18,-9032.0,2025-07-28
2025-08-01,OUT,Kreditor,Sonstiges,7047.0,False,30,2025-07-02,-7047.0,2025-07-28
2025-08-01,OUT,Kreditor,Lieferant,2949.0,False,14,2025-07-18,-2949.0,2025-07-28
2025-08-01,OUT,Kreditor,Sonstiges,9783.0,False,30,2025-07-02,-9783.0,2025-07-28
2025-08-01,OUT,Kreditor,Gehalt,25000.0,True,0,2025-08-01,-25000.0,2025-07-28
2025-08-01,OUT,Kreditor,Sonstiges,3720.0,False,30,2025-07-02,-3720.0,2025-07-28
2025-08-01,OUT,Kreditor,Miete,8000.0,True,0,2025-08-01,-8000.0,2025-07-28
2025-08-01,IN,Debitor,Kundenrechnung,5117.0,False,45,2025-06-17,5117.0,2025-07-28
2025-08-01,IN,Debitor,Kundenrechnung,8731.0,False,14,2025-07-18,8731.0,2025-07-28
2025-08-02,OUT,Kreditor,Lieferant,11462.0,False,30,2025-07-03,-11462.0,2025-07-28
2025-08-02,OUT,Kreditor,Sonstiges,9907.0,False,30,2025-07-03,-9907.0,2025-07-28
2025-08-02,IN,Debitor,Kundenrechnung,3925.0,False,14,2025-07-19,3925.0,2025-07-28
2025-08-02,IN,Debitor,Kundenrechnung,8917.0,False,14,2025-07-19,8917.0,2025-07-28
2025-08-03,OUT,Kreditor,Marketing,8057.0,False,30,2025-07-04,-8057.0,2025-07-28
2025-08-03,IN,Debitor,Kundenrechnung,9179.0,False,45,2025-06-19,9179.0,2025-07-28
2025-08-03,IN,Debitor,Kundenrechnung,13787.0,False,14,2025-07-20,13787.0,2025-07-28
2025-08-03,IN,Debitor,Kundenrechnung,3560.0,False,14,2025-07-20,3560.0,2025-07-28
2025-08-03,OUT,Kreditor,Sonstiges,2266.0,False,14,2025-07-20,-2266.0,2025-07-28
2025-08-03,OUT,Kreditor,Sonstiges,4638.0,False,30,2025-07-04,-4638.0,2025-07-28
2025-08-03,OUT,Kreditor,Lieferant,5780.0,False,14,2025-07-20,-5780.0,2025-07-28
2025-08-03,OUT,Kreditor,Marketing,3356.0,False,30,2025-07-04,-3356.0,2025-07-28
2025-08-03,OUT,Kreditor,Sonstiges,1306.0,False,30,2025-07-04,-1306.0,2025-07-28
2025-08-04,IN,Debitor,Kundenrechnung,8078.0,False,45,2025-06-20,8078.0,2025-08-04
2025-08-04,OUT,Kreditor,Marketing,1352.0,False,30,2025-07-05,-1352.0,2025-08-04
2025-08-04,IN,Debitor,Kundenrechnung,14732.0,False,14,2025-07-21,14732.0,2025-08-04
2025-08-05,IN,Debitor,Kundenrechnung,8563.0,False,30,2025-07-06,8563.0,2025-08-04
2025-08-05,IN,Debitor,Kundenrechnung,7631.0,False,30,2025-07-06,7631.0,2025-08-04
2025-08-05,OUT,Kreditor,Sonstiges,11574.0,False,30,2025-07-06,-11574.0,2025-08-04
2025-08-05,OUT,Kreditor,Marketing,10989.0,False,30,2025-07-06,-10989.0,2025-08-04
2025-08-05,OUT,Kreditor,Sonstiges,2394.0,False,30,2025-07-06,-2394.0,2025-08-04
2025-08-05,OUT,Kreditor,Marketing,5732.0,False,14,2025-07-22,-5732.0,2025-08-04
2025-08-05,OUT,Kreditor,Lieferant,1529.0,False,14,2025-07-22,-1529.0,2025-08-04
2025-08-05,OUT,Kreditor,Marketing,8904.0,False,30,2025-07-06,-8904.0,2025-08-04
2025-08-06,IN,Debitor,Kundenrechnung,14197.0,False,14,2025-07-23,14197.0,2025-08-04
2025-08-06,IN,Debitor,Kundenrechnung,6648.0,False,30,2025-07-07,6648.0,2025-08-04
2025-08-06,OUT,Kreditor,Lieferant,2525.0,False,14,2025-07-23,-2525.0,2025-08-04
2025-08-06,OUT,Kreditor,Marketing,1013.0,False,14,2025-07-23,-1013.0,2025-08-04
2025-08-07,OUT,Kreditor,Lieferant,11185.0,False,30,2025-07-08,-11185.0,2025-08-04
2025-08-07,OUT,Kreditor,Sonstiges,4466.0,False,14,2025-07-24,-4466.0,2025-08-04
2025-08-07,OUT,Kreditor,Sonstiges,1629.0,False,30,2025-07-08,-1629.0,2025-08-04
2025-08-07,IN,Debitor,Kundenrechnung,7543.0,False,14,2025-07-24,7543.0,2025-08-04
2025-08-07,OUT,Kreditor,Marketing,8062.0,False,14,2025-07-24,-8062.0,2025-08-04
2025-08-08,IN,Debitor,Kundenrechnung,11499.0,False,14,2025-07-25,11499.0,2025-08-04
2025-08-08,OUT,Kreditor,Lieferant,4178.0,False,14,2025-07-25,-4178.0,2025-08-04
2025-08-08,OUT,Kreditor,Lieferant,7116.0,False,14,2025-07-25,-7116.0,2025-08-04
2025-08-08,OUT,Kreditor,Marketing,4568.0,False,14,2025-07-25,-4568.0,2025-08-04
2025-08-08,OUT,Kreditor,Marketing,2925.0,False,14,2025-07-25,-2925.0,2025-08-04
2025-08-09,OUT,Kreditor,Marketing,7262.0,False,30,2025-07-10,-7262.0,2025-08-04
2025-08-09,OUT,Kreditor,Lieferant,1281.0,False,14,2025-07-26,-1281.0,2025-08-04
2025-08-10,IN,Debitor,Kundenrechnung,10467.0,False,14,2025-07-27,10467.0,2025-08-04
2025-08-10,OUT,Kreditor,Marketing,3289.0,False,14,2025-07-27,-3289.0,2025-08-04
2025-08-10,OUT,Kreditor,Sonstiges,1125.0,False,14,2025-07-27,-1125.0,2025-08-04
2025-08-11,IN,Debitor,Kundenrechnung,12985.0,False,45,2025-06-27,12985.0,2025-08-11
2025-08-11,OUT,Kreditor,Sonstiges,8175.0,False,14,2025-07-28,-8175.0,2025-08-11
2025-08-11,IN,Debitor,Kundenrechnung,8527.0,False,30,2025-07-12,8527.0,2025-08-11
2025-08-11,IN,Debitor,Kundenrechnung,14595.0,False,30,2025-07-12,14595.0,2025-08-11
2025-08-11,OUT,Kreditor,Marketing,9320.0,False,30,2025-07-12,-9320.0,2025-08-11
2025-08-12,OUT,Kreditor,Sonstiges,9125.0,False,30,2025-07-13,-9125.0,2025-08-11
2025-08-12,OUT,Kreditor,Lieferant,4124.0,False,14,2025-07-29,-4124.0,2025-08-11
2025-08-12,OUT,Kreditor,Marketing,4072.0,False,14,2025-07-29,-4072.0,2025-08-11
2025-08-12,OUT,Kreditor,Marketing,8705.0,False,30,2025-07-13,-8705.0,2025-08-11
2025-08-12,IN,Debitor,Kundenrechnung,14241.0,False,14,2025-07-29,14241.0,2025-08-11
2025-08-12,OUT,Kreditor,Lieferant,1986.0,False,30,2025-07-13,-1986.0,2025-08-11
2025-08-13,IN,Debitor,Kundenrechnung,9114.0,False,30,2025-07-14,9114.0,2025-08-11
2025-08-13,IN,Debitor,Kundenrechnung,5173.0,False,30,2025-07-14,5173.0,2025-08-11
2025-08-13,IN,Debitor,Kundenrechnung,3667.0,False,30,2025-07-14,3667.0,2025-08-11
2025-08-13,IN,Debitor,Kundenrechnung,6114.0,False,30,2025-07-14,6114.0,2025-08-11
2025-08-13,OUT,Kreditor,Sonstiges,4553.0,False,14,2025-07-30,-4553.0,2025-08-11
2025-08-14,OUT,Kreditor,Marketing,10108.0,False,30,2025-07-15,-10108.0,2025-08-11
2025-08-14,IN,Debitor,Kundenrechnung,6806.0,False,45,2025-06-30,6806.0,2025-08-11
2025-08-14,IN,Debitor,Kundenrechnung,5726.0,False,14,2025-07-31,5726.0,2025-08-11
2025-08-14,IN,Debitor,Kundenrechnung,13339.0,False,30,2025-07-15,13339.0,2025-08-11
2025-08-15,IN,Debitor,Kundenrechnung,13530.0,False,45,2025-07-01,13530.0,2025-08-11
2025-08-15,IN,Debitor,Kundenrechnung,13207.0,False,30,2025-07-16,13207.0,2025-08-11
2025-08-15,IN,Debitor,Kundenrechnung,9117.0,False,30,2025-07-16,9117.0,2025-08-11
2025-08-15,OUT,Kreditor,Miete,8000.0,True,0,2025-08-15,-8000.0,2025-08-11
2025-08-15,OUT,Kreditor,Gehalt,25000.0,True,0,2025-08-15,-25000.0,2025-08-11
2025-08-16,IN,Debitor,Kundenrechnung,8570.0,False,14,2025-08-02,8570.0,2025-08-11
2025-08-16,OUT,Kreditor,Marketing,9212.0,False,14,2025-08-02,-9212.0,2025-08-11
2025-08-16,IN,Debitor,Kundenrechnung,12737.0,False,45,2025-07-02,12737.0,2025-08-11
2025-08-16,IN,Debitor,Kundenrechnung,10234.0,False,45,2025-07-02,10234.0,2025-08-11
2025-08-16,IN,Debitor,Kundenrechnung,13214.0,False,45,2025-07-02,13214.0,2025-08-11
2025-08-16,IN,Debitor,Kundenrechnung,6399.0,False,14,2025-08-02,6399.0,2025-08-11
2025-08-16,IN,Debitor,Kundenrechnung,7445.0,False,30,2025-07-17,7445.0,2025-08-11
2025-08-17,OUT,Kreditor,Sonstiges,1140.0,False,14,2025-08-03,-1140.0,2025-08-11
2025-08-17,OUT,Kreditor,Lieferant,7012.0,False,30,2025-07-18,-7012.0,2025-08-11
2025-08-17,OUT,Kreditor,Marketing,11733.0,False,14,2025-08-03,-11733.0,2025-08-11
2025-08-17,OUT,Kreditor,Marketing,7894.0,False,30,2025-07-18,-7894.0,2025-08-11
2025-08-18,IN,Debitor,Kundenrechnung,9052.0,False,45,2025-07-04,9052.0,2025-08-18
2025-08-18,IN,Debitor,Kundenrechnung,13371.0,False,30,2025-07-19,13371.0,2025-08-18
2025-08-18,IN,Debitor,Kundenrechnung,5654.0,False,45,2025-07-04,5654.0,2025-08-18
2025-08-18,OUT,Kreditor,Lieferant,3359.0,False,30,2025-07-19,-3359.0,2025-08-18
2025-08-18,OUT,Kreditor,Sonstiges,9636.0,False,30,2025-07-19,-9636.0,2025-08-18
2025-08-19,OUT,Kreditor,Marketing,4040.0,False,30,2025-07-20,-4040.0,2025-08-18
2025-08-19,OUT,Kreditor,Sonstiges,8000.0,False,14,2025-08-05,-8000.0,2025-08-18
2025-08-19,OUT,Kreditor,Marketing,10776.0,False,30,2025-07-20,-10776.0,2025-08-18
2025-08-19,OUT,Kreditor,Lieferant,2249.0,False,14,2025-08-05,-2249.0,2025-08-18
2025-08-19,OUT,Kreditor,Marketing,7674.0,False,30,2025-07-20,-7674.0,2025-08-18
2025-08-19,IN,Debitor,Kundenrechnung,7752.0,False,14,2025-08-05,7752.0,2025-08-18
2025-08-19,IN,Debitor,Kundenrechnung,5225.0,False,45,2025-07-05,5225.0,2025-08-18
2025-08-19,IN,Debitor,Kundenrechnung,12823.0,False,14,2025-08-05,12823.0,2025-08-18
2025-08-19,IN,Debitor,Kundenrechnung,2009.0,False,30,2025-07-20,2009.0,2025-08-18
2025-08-19,OUT,Kreditor,Sonstiges,2316.0,False,30,2025-07-20,-2316.0,2025-08-18
2025-08-20,IN,Debitor,Kundenrechnung,11738.0,False,30,2025-07-21,11738.0,2025-08-18
2025-08-20,OUT,Kreditor,Sonstiges,10160.0,False,14,2025-08-06,-10160.0,2025-08-18
2025-08-20,OUT,Kreditor,Lieferant,7652.0,False,30,2025-07-21,-7652.0,2025-08-18
2025-08-21,IN,Debitor,Kundenrechnung,13543.0,False,30,2025-07-22,13543.0,2025-08-18
2025-08-21,OUT,Kreditor,Sonstiges,6699.0,False,30,2025-07-22,-6699.0,2025-08-18
2025-08-21,OUT,Kreditor,Marketing,11793.0,False,14,2025-08-07,-11793.0,2025-08-18
2025-08-21,OUT,Kreditor,Lieferant,6101.0,False,14,2025-08-07,-6101.0,2025-08-18
2025-08-21,OUT,Kreditor,Marketing,8843.0,False,14,2025-08-07,-8843.0,2025-08-18
2025-08-21,OUT,Kreditor,Marketing,6472.0,False,30,2025-07-22,-6472.0,2025-08-18
2025-08-22,OUT,Kreditor,Lieferant,5255.0,False,30,2025-07-23,-5255.0,2025-08-18
2025-08-22,IN,Debitor,Kundenrechnung,12756.0,False,45,2025-07-08,12756.0,2025-08-18
2025-08-23,IN,Debitor,Kundenrechnung,2661.0,False,30,2025-07-24,2661.0,2025-08-18
2025-08-23,IN,Debitor,Kundenrechnung,13811.0,False,14,2025-08-09,13811.0,2025-08-18
2025-08-23,IN,Debitor,Kundenrechnung,12060.0,False,14,2025-08-09,12060.0,2025-08-18
2025-08-23,OUT,Kreditor,Marketing,11526.0,False,14,2025-08-09,-11526.0,2025-08-18
2025-08-23,OUT,Kreditor,Sonstiges,1207.0,False,30,2025-07-24,-1207.0,2025-08-18
2025-08-23,OUT,Kreditor,Lieferant,7813.0,False,14,2025-08-09,-7813.0,2025-08-18
2025-08-23,OUT,Kreditor,Lieferant,4083.0,False,30,2025-07-24,-4083.0,2025-08-18
2025-08-23,OUT,Kreditor,Marketing,11123.0,False,30,2025-07-24,-11123.0,2025-08-18
2025-08-23,OUT,Kreditor,Marketing,1236.0,False,30,2025-07-24,-1236.0,2025-08-18
2025-08-24,OUT,Kreditor,Marketing,5576.0,False,30,2025-07-25,-5576.0,2025-08-18
2025-08-24,IN,Debitor,Kundenrechnung,8549.0,False,30,2025-07-25,8549.0,2025-08-18
2025-08-24,OUT,Kreditor,Lieferant,10958.0,False,14,2025-08-10,-10958.0,2025-08-18
2025-08-24,OUT,Kreditor,Sonstiges,11699.0,False,30,2025-07-25,-11699.0,2025-08-18
2025-08-24,OUT,Kreditor,Lieferant,3785.0,False,30,2025-07-25,-3785.0,2025-08-18
2025-08-25,OUT,Kreditor,Sonstiges,5406.0,False,14,2025-08-11,-5406.0,2025-08-25
2025-08-25,OUT,Kreditor,Sonstiges,8574.0,False,30,2025-07-26,-8574.0,2025-08-25
2025-08-25,IN,Debitor,Kundenrechnung,7299.0,False,30,2025-07-26,7299.0,2025-08-25
2025-08-26,IN,Debitor,Kundenrechnung,14265.0,False,30,2025-07-27,14265.0,2025-08-25
2025-08-26,IN,Debitor,Kundenrechnung,9629.0,False,30,2025-07-27,9629.0,2025-08-25
2025-08-26,IN,Debitor,Kundenrechnung,5138.0,False,45,2025-07-12,5138.0,2025-08-25
2025-08-26,OUT,Kreditor,Lieferant,8693.0,False,14,2025-08-12,-8693.0,2025-08-25
2025-08-26,OUT,Kreditor,Sonstiges,8842.0,False,14,2025-08-12,-8842.0,2025-08-25
2025-08-26,OUT,Kreditor,Marketing,5225.0,False,30,2025-07-27,-5225.0,2025-08-25
2025-08-26,OUT,Kreditor,Sonstiges,8373.0,False,30,2025-07-27,-8373.0,2025-08-25
2025-08-27,IN,Debitor,Kundenrechnung,4530.0,False,14,2025-08-13,4530.0,2025-08-25
2025-08-27,IN,Debitor,Kundenrechnung,9045.0,False,14,2025-08-13,9045.0,2025-08-25
2025-08-27,IN,Debitor,Kundenrechnung,7772.0,False,14,2025-08-13,7772.0,2025-08-25
2025-08-27,OUT,Kreditor,Lieferant,3529.0,False,30,2025-07-28,-3529.0,2025-08-25
2025-08-27,OUT,Kreditor,Lieferant,1963.0,False,14,2025-08-13,-1963.0,2025-08-25
2025-08-27,OUT,Kreditor,Lieferant,8340.0,False,14,2025-08-13,-8340.0,2025-08-25
2025-08-27,OUT,Kreditor,Sonstiges,1845.0,False,14,2025-08-13,-1845.0,2025-08-25
2025-08-28,OUT,Kreditor,Lieferant,1689.0,False,14,2025-08-14,-1689.0,2025-08-25
2025-08-28,OUT,Kreditor,Sonstiges,5737.0,False,14,2025-08-14,-5737.0,2025-08-25
2025-08-28,OUT,Kreditor,Lieferant,8154.0,False,14,2025-08-14,-8154.0,2025-08-25
2025-08-28,OUT,Kreditor,Sonstiges,11145.0,False,14,2025-08-14,-11145.0,2025-08-25
2025-08-29,IN,Debitor,Kundenrechnung,11074.0,False,45,2025-07-15,11074.0,2025-08-25
2025-08-29,IN,Debitor,Kundenrechnung,10591.0,False,14,2025-08-15,10591.0,2025-08-25
2025-08-29,IN,Debitor,Kundenrechnung,3638.0,False,14,2025-08-15,3638.0,2025-08-25
2025-08-29,OUT,Kreditor,Marketing,11340.0,False,30,2025-07-30,-11340.0,2025-08-25
2025-08-30,OUT,Kreditor,Marketing,2549.0,False,14,2025-08-16,-2549.0,2025-08-25
2025-08-30,IN,Debitor,Kundenrechnung,7693.0,False,14,2025-08-16,7693.0,2025-08-25
2025-08-30,IN,Debitor,Kundenrechnung,12331.0,False,30,2025-07-31,12331.0,2025-08-25
2025-08-30,OUT,Kreditor,Sonstiges,7140.0,False,14,2025-08-16,-7140.0,2025-08-25
2025-08-31,OUT,Kreditor,Lieferant,8758.0,False,30,2025-08-01,-8758.0,2025-08-25
2025-08-31,OUT,Kreditor,Sonstiges,8638.0,False,30,2025-08-01,-8638.0,2025-08-25
2025-09-01,IN,Debitor,Kundenrechnung,10433.0,False,14,2025-08-18,10433.0,2025-09-01
2025-09-01,OUT,Kreditor,Miete,8000.0,True,0,2025-09-01,-8000.0,2025-09-01
2025-09-01,OUT,Kreditor,Gehalt,25000.0,True,0,2025-09-01,-25000.0,2025-09-01
2025-09-02,OUT,Kreditor,Lieferant,11793.0,False,30,2025-08-03,-11793.0,2025-09-01
2025-09-02,OUT,Kreditor,Lieferant,11636.0,False,14,2025-08-19,-11636.0,2025-09-01
2025-09-02,OUT,Kreditor,Lieferant,10651.0,False,30,2025-08-03,-10651.0,2025-09-01
2025-09-02,IN,Debitor,Kundenrechnung,7827.0,False,30,2025-08-03,7827.0,2025-09-01
2025-09-02,IN,Debitor,Kundenrechnung,6719.0,False,30,2025-08-03,6719.0,2025-09-01
2025-09-02,IN,Debitor,Kundenrechnung,9961.0,False,30,2025-08-03,9961.0,2025-09-01
2025-09-02,IN,Debitor,Kundenrechnung,6839.0,False,45,2025-07-19,6839.0,2025-09-01
2025-09-03,OUT,Kreditor,Sonstiges,10312.0,False,30,2025-08-04,-10312.0,2025-09-01
2025-09-03,OUT,Kreditor,Lieferant,4897.0,False,30,2025-08-04,-4897.0,2025-09-01
2025-09-03,OUT,Kreditor,Marketing,9906.0,False,30,2025-08-04,-9906.0,2025-09-01
2025-09-04,IN,Debitor,Kundenrechnung,9083.0,False,14,2025-08-21,9083.0,2025-09-01
2025-09-04,IN,Debitor,Kundenrechnung,8230.0,False,14,2025-08-21,8230.0,2025-09-01
2025-09-04,OUT,Kreditor,Lieferant,10223.0,False,30,2025-08-05,-10223.0,2025-09-01
2025-09-04,OUT,Kreditor,Lieferant,4456.0,False,14,2025-08-21,-4456.0,2025-09-01
2025-09-04,OUT,Kreditor,Marketing,9599.0,False,30,2025-08-05,-9599.0,2025-09-01
2025-09-05,OUT,Kreditor,Lieferant,10154.0,False,30,2025-08-06,-10154.0,2025-09-01
2025-09-05,OUT,Kreditor,Marketing,4009.0,False,30,2025-08-06,-4009.0,2025-09-01
2025-09-05,OUT,Kreditor,Lieferant,7511.0,False,14,2025-08-22,-7511.0,2025-09-01
2025-09-05,OUT,Kreditor,Lieferant,4839.0,False,14,2025-08-22,-4839.0,2025-09-01
2025-09-05,OUT,Kreditor,Sonstiges,7493.0,False,30,2025-08-06,-7493.0,2025-09-01
2025-09-05,OUT,Kreditor,Lieferant,11681.0,False,14,2025-08-22,-11681.0,2025-09-01
2025-09-05,OUT,Kreditor,Sonstiges,11759.0,False,30,2025-08-06,-11759.0,2025-09-01
2025-09-06,OUT,Kreditor,Lieferant,3196.0,False,30,2025-08-07,-3196.0,2025-09-01
2025-09-06,OUT,Kreditor,Marketing,2256.0,False,30,2025-08-07,-2256.0,2025-09-01
2025-09-06,OUT,Kreditor,Lieferant,1038.0,False,30,2025-08-07,-1038.0,2025-09-01
2025-09-06,OUT,Kreditor,Sonstiges,10759.0,False,14,2025-08-23,-10759.0,2025-09-01
2025-09-06,OUT,Kreditor,Lieferant,1685.0,False,30,2025-08-07,-1685.0,2025-09-01
2025-09-06,OUT,Kreditor,Lieferant,3461.0,False,30,2025-08-07,-3461.0,2025-09-01
2025-09-06,IN,Debitor,Kundenrechnung,7784.0,False,45,2025-07-23,7784.0,2025-09-01
2025-09-06,IN,Debitor,Kundenrechnung,12422.0,False,14,2025-08-23,12422.0,2025-09-01
2025-09-06,IN,Debitor,Kundenrechnung,12512.0,False,30,2025-08-07,12512.0,2025-09-01
2025-09-06,IN,Debitor,Kundenrechnung,10714.0,False,30,2025-08-07,10714.0,2025-09-01
2025-09-06,OUT,Kreditor,Sonstiges,5941.0,False,14,2025-08-23,-5941.0,2025-09-01
2025-09-07,OUT,Kreditor,Lieferant,4754.0,False,14,2025-08-24,-4754.0,2025-09-01
2025-09-07,OUT,Kreditor,Marketing,2376.0,False,14,2025-08-24,-2376.0,2025-09-01
2025-09-07,IN,Debitor,Kundenrechnung,6082.0,False,45,2025-07-24,6082.0,2025-09-01
2025-09-07,OUT,Kreditor,Lieferant,5183.0,False,30,2025-08-08,-5183.0,2025-09-01
2025-09-07,IN,Debitor,Kundenrechnung,8579.0,False,45,2025-07-24,8579.0,2025-09-01
2025-09-07,IN,Debitor,Kundenrechnung,13870.0,False,45,2025-07-24,13870.0,2025-09-01
2025-09-07,IN,Debitor,Kundenrechnung,14500.0,False,45,2025-07-24,14500.0,2025-09-01
2025-09-07,IN,Debitor,Kundenrechnung,5537.0,False,30,2025-08-08,5537.0,2025-09-01
2025-09-08,OUT,Kreditor,Marketing,7251.0,False,14,2025-08-25,-7251.0,2025-09-08
2025-09-09,IN,Debitor,Kundenrechnung,8272.0,False,14,2025-08-26,8272.0,2025-09-08
2025-09-09,OUT,Kreditor,Lieferant,1514.0,False,30,2025-08-10,-1514.0,2025-09-08
2025-09-10,OUT,Kreditor,Sonstiges,4967.0,False,14,2025-08-27,-4967.0,2025-09-08
2025-09-10,OUT,Kreditor,Sonstiges,10114.0,False,14,2025-08-27,-10114.0,2025-09-08
2025-09-10,OUT,Kreditor,Lieferant,3159.0,False,14,2025-08-27,-3159.0,2025-09-08
2025-09-11,OUT,Kreditor,Lieferant,2037.0,False,30,2025-08-12,-2037.0,2025-09-08
2025-09-11,IN,Debitor,Kundenrechnung,12448.0,False,30,2025-08-12,12448.0,2025-09-08
2025-09-12,IN,Debitor,Kundenrechnung,7251.0,False,30,2025-08-13,7251.0,2025-09-08
2025-09-12,IN,Debitor,Kundenrechnung,3013.0,False,45,2025-07-29,3013.0,2025-09-08
2025-09-12,IN,Debitor,Kundenrechnung,9321.0,False,14,2025-08-29,9321.0,2025-09-08
2025-09-12,IN,Debitor,Kundenrechnung,9909.0,False,14,2025-08-29,9909.0,2025-09-08
2025-09-12,IN,Debitor,Kundenrechnung,4023.0,False,45,2025-07-29,4023.0,2025-09-08
2025-09-12,OUT,Kreditor,Sonstiges,11644.0,False,30,2025-08-13,-11644.0,2025-09-08
2025-09-13,OUT,Kreditor,Sonstiges,1541.0,False,30,2025-08-14,-1541.0,2025-09-08
2025-09-13,OUT,Kreditor,Lieferant,1663.0,False,30,2025-08-14,-1663.0,2025-09-08
2025-09-13,OUT,Kreditor,Sonstiges,4390.0,False,14,2025-08-30,-4390.0,2025-09-08
2025-09-13,IN,Debitor,Kundenrechnung,8841.0,False,45,2025-07-30,8841.0,2025-09-08
2025-09-13,OUT,Kreditor,Sonstiges,7643.0,False,30,2025-08-14,-7643.0,2025-09-08
2025-09-13,OUT,Kreditor,Sonstiges,1161.0,False,30,2025-08-14,-1161.0,2025-09-08
2025-09-14,IN,Debitor,Kundenrechnung,8256.0,False,45,2025-07-31,8256.0,2025-09-08
2025-09-14,IN,Debitor,Kundenrechnung,12720.0,False,30,2025-08-15,12720.0,2025-09-08
2025-09-14,OUT,Kreditor,Lieferant,1830.0,False,14,2025-08-31,-1830.0,2025-09-08
2025-09-15,IN,Debitor,Kundenrechnung,10590.0,False,30,2025-08-16,10590.0,2025-09-15
2025-09-15,IN,Debitor,Kundenrechnung,4125.0,False,45,2025-08-01,4125.0,2025-09-15
2025-09-15,IN,Debitor,Kundenrechnung,14889.0,False,14,2025-09-01,14889.0,2025-09-15
2025-09-15,OUT,Kreditor,Miete,8000.0,True,0,2025-09-15,-8000.0,2025-09-15
2025-09-15,OUT,Kreditor,Gehalt,25000.0,True,0,2025-09-15,-25000.0,2025-09-15
2025-09-15,OUT,Kreditor,Lieferant,6624.0,False,30,2025-08-16,-6624.0,2025-09-15
2025-09-15,OUT,Kreditor,Marketing,3097.0,False,14,2025-09-01,-3097.0,2025-09-15
2025-09-15,OUT,Kreditor,Sonstiges,11077.0,False,30,2025-08-16,-11077.0,2025-09-15
2025-09-16,OUT,Kreditor,Lieferant,11053.0,False,30,2025-08-17,-11053.0,2025-09-15
2025-09-16,OUT,Kreditor,Lieferant,3839.0,False,30,2025-08-17,-3839.0,2025-09-15
2025-09-16,OUT,Kreditor,Sonstiges,8462.0,False,14,2025-09-02,-8462.0,2025-09-15
2025-09-16,IN,Debitor,Kundenrechnung,10895.0,False,14,2025-09-02,10895.0,2025-09-15
2025-09-16,OUT,Kreditor,Sonstiges,11595.0,False,30,2025-08-17,-11595.0,2025-09-15
2025-09-16,IN,Debitor,Kundenrechnung,4096.0,False,14,2025-09-02,4096.0,2025-09-15
2025-09-16,OUT,Kreditor,Sonstiges,4331.0,False,14,2025-09-02,-4331.0,2025-09-15
2025-09-17,IN,Debitor,Kundenrechnung,3431.0,False,30,2025-08-18,3431.0,2025-09-15
2025-09-17,OUT,Kreditor,Sonstiges,11653.0,False,30,2025-08-18,-11653.0,2025-09-15
2025-09-17,OUT,Kreditor,Marketing,5998.0,False,14,2025-09-03,-5998.0,2025-09-15
2025-09-17,OUT,Kreditor,Sonstiges,4291.0,False,30,2025-08-18,-4291.0,2025-09-15
2025-09-18,OUT,Kreditor,Lieferant,6560.0,False,30,2025-08-19,-6560.0,2025-09-15
2025-09-18,IN,Debitor,Kundenrechnung,4297.0,False,45,2025-08-04,4297.0,2025-09-15
2025-09-18,IN,Debitor,Kundenrechnung,4643.0,False,30,2025-08-19,4643.0,2025-09-15
2025-09-18,IN,Debitor,Kundenrechnung,7347.0,False,45,2025-08-04,7347.0,2025-09-15
2025-09-19,IN,Debitor,Kundenrechnung,11135.0,False,45,2025-08-05,11135.0,2025-09-15
2025-09-19,IN,Debitor,Kundenrechnung,3449.0,False,30,2025-08-20,3449.0,2025-09-15
2025-09-19,OUT,Kreditor,Sonstiges,3539.0,False,14,2025-09-05,-3539.0,2025-09-15
2025-09-19,OUT,Kreditor,Sonstiges,5260.0,False,14,2025-09-05,-5260.0,2025-09-15
2025-09-19,OUT,Kreditor,Sonstiges,4670.0,False,14,2025-09-05,-4670.0,2025-09-15
2025-09-20,OUT,Kreditor,Lieferant,10879.0,False,14,2025-09-06,-10879.0,2025-09-15
2025-09-20,IN,Debitor,Kundenrechnung,4336.0,False,14,2025-09-06,4336.0,2025-09-15
2025-09-20,IN,Debitor,Kundenrechnung,9875.0,False,45,2025-08-06,9875.0,2025-09-15
2025-09-20,IN,Debitor,Kundenrechnung,8633.0,False,14,2025-09-06,8633.0,2025-09-15
2025-09-20,IN,Debitor,Kundenrechnung,2597.0,False,45,2025-08-06,2597.0,2025-09-15
2025-09-21,IN,Debitor,Kundenrechnung,14485.0,False,30,2025-08-22,14485.0,2025-09-15
2025-09-21,IN,Debitor,Kundenrechnung,5648.0,False,30,2025-08-22,5648.0,2025-09-15
2025-09-21,OUT,Kreditor,Sonstiges,2537.0,False,30,2025-08-22,-2537.0,2025-09-15
2025-09-21,OUT,Kreditor,Sonstiges,4137.0,False,30,2025-08-22,-4137.0,2025-09-15
2025-09-22,IN,Debitor,Kundenrechnung,2610.0,False,45,2025-08-08,2610.0,2025-09-22
2025-09-22,IN,Debitor,Kundenrechnung,3854.0,False,14,2025-09-08,3854.0,2025-09-22
2025-09-22,IN,Debitor,Kundenrechnung,7055.0,False,45,2025-08-08,7055.0,2025-09-22
2025-09-22,OUT,Kreditor,Sonstiges,3324.0,False,14,2025-09-08,-3324.0,2025-09-22
2025-09-22,OUT,Kreditor,Sonstiges,10283.0,False,30,2025-08-23,-10283.0,2025-09-22
2025-09-23,OUT,Kreditor,Sonstiges,3551.0,False,30,2025-08-24,-3551.0,2025-09-22
2025-09-23,OUT,Kreditor,Lieferant,9676.0,False,30,2025-08-24,-9676.0,2025-09-22
2025-09-23,OUT,Kreditor,Lieferant,9087.0,False,30,2025-08-24,-9087.0,2025-09-22
2025-09-23,OUT,Kreditor,Marketing,6546.0,False,14,2025-09-09,-6546.0,2025-09-22
2025-09-23,OUT,Kreditor,Marketing,10203.0,False,30,2025-08-24,-10203.0,2025-09-22
2025-09-23,OUT,Kreditor,Lieferant,4970.0,False,30,2025-08-24,-4970.0,2025-09-22
2025-09-23,IN,Debitor,Kundenrechnung,7879.0,False,30,2025-08-24,7879.0,2025-09-22
2025-09-23,OUT,Kreditor,Lieferant,11006.0,False,14,2025-09-09,-11006.0,2025-09-22
2025-09-24,IN,Debitor,Kundenrechnung,6135.0,False,30,2025-08-25,6135.0,2025-09-22
2025-09-24,IN,Debitor,Kundenrechnung,13168.0,False,14,2025-09-10,13168.0,2025-09-22
2025-09-24,IN,Debitor,Kundenrechnung,7110.0,False,14,2025-09-10,7110.0,2025-09-22
2025-09-24,IN,Debitor,Kundenrechnung,2687.0,False,45,2025-08-10,2687.0,2025-09-22
2025-09-24,OUT,Kreditor,Sonstiges,9804.0,False,30,2025-08-25,-9804.0,2025-09-22
2025-09-24,OUT,Kreditor,Sonstiges,7509.0,False,14,2025-09-10,-7509.0,2025-09-22
2025-09-24,OUT,Kreditor,Lieferant,3591.0,False,30,2025-08-25,-3591.0,2025-09-22
2025-09-24,OUT,Kreditor,Lieferant,8183.0,False,14,2025-09-10,-8183.0,2025-09-22
2025-09-24,OUT,Kreditor,Lieferant,11102.0,False,14,2025-09-10,-11102.0,2025-09-22
2025-09-25,OUT,Kreditor,Marketing,1645.0,False,30,2025-08-26,-1645.0,2025-09-22
2025-09-25,OUT,Kreditor,Sonstiges,1264.0,False,30,2025-08-26,-1264.0,2025-09-22
2025-09-25,IN,Debitor,Kundenrechnung,2226.0,False,14,2025-09-11,2226.0,2025-09-22
2025-09-25,IN,Debitor,Kundenrechnung,13739.0,False,14,2025-09-11,13739.0,2025-09-22
2025-09-25,IN,Debitor,Kundenrechnung,9833.0,False,30,2025-08-26,9833.0,2025-09-22
2025-09-25,IN,Debitor,Kundenrechnung,12131.0,False,30,2025-08-26,12131.0,2025-09-22
2025-09-25,IN,Debitor,Kundenrechnung,13261.0,False,14,2025-09-11,13261.0,2025-09-22
2025-09-26,OUT,Kreditor,Marketing,6433.0,False,14,2025-09-12,-6433.0,2025-09-22
2025-09-26,IN,Debitor,Kundenrechnung,11177.0,False,14,2025-09-12,11177.0,2025-09-22
2025-09-26,IN,Debitor,Kundenrechnung,8299.0,False,30,2025-08-27,8299.0,2025-09-22
2025-09-26,OUT,Kreditor,Lieferant,9381.0,False,14,2025-09-12,-9381.0,2025-09-22
2025-09-26,OUT,Kreditor,Sonstiges,10890.0,False,14,2025-09-12,-10890.0,2025-09-22
2025-09-26,OUT,Kreditor,Marketing,7450.0,False,30,2025-08-27,-7450.0,2025-09-22
2025-09-27,IN,Debitor,Kundenrechnung,13132.0,False,30,2025-08-28,13132.0,2025-09-22
2025-09-27,IN,Debitor,Kundenrechnung,3089.0,False,45,2025-08-13,3089.0,2025-09-22
2025-09-27,IN,Debitor,Kundenrechnung,11127.0,False,45,2025-08-13,11127.0,2025-09-22
2025-09-27,IN,Debitor,Kundenrechnung,3958.0,False,30,2025-08-28,3958.0,2025-09-22
2025-09-27,OUT,Kreditor,Lieferant,7344.0,False,30,2025-08-28,-7344.0,2025-09-22
2025-09-28,OUT,Kreditor,Lieferant,1441.0,False,14,2025-09-14,-1441.0,2025-09-22
2025-09-29,IN,Debitor,Kundenrechnung,13892.0,False,14,2025-09-15,13892.0,2025-09-29
2025-09-30,OUT,Kreditor,Lieferant,9787.0,False,14,2025-09-16,-9787.0,2025-09-29
2025-09-30,IN,Debitor,Kundenrechnung,13810.0,False,45,2025-08-16,13810.0,2025-09-29
2025-09-30,OUT,Kreditor,Sonstiges,2750.0,False,30,2025-08-31,-2750.0,2025-09-29
2025-09-30,OUT,Kreditor,Sonstiges,1423.0,False,30,2025-08-31,-1423.0,2025-09-29
2025-09-30,IN,Debitor,Kundenrechnung,14109.0,False,45,2025-08-16,14109.0,2025-09-29
2025-09-30,IN,Debitor,Kundenrechnung,2141.0,False,14,2025-09-16,2141.0,2025-09-29
2025-09-30,IN,Debitor,Kundenrechnung,11031.0,False,30,2025-08-31,11031.0,2025-09-29
2025-09-30,IN,Debitor,Kundenrechnung,8701.0,False,30,2025-08-31,8701.0,2025-09-29
2025-09-30,IN,Debitor,Kundenrechnung,7661.0,False,45,2025-08-16,7661.0,2025-09-29
2025-10-01,OUT,Kreditor,Marketing,4198.0,False,14,2025-09-17,-4198.0,2025-09-29
2025-10-01,OUT,Kreditor,Sonstiges,1987.0,False,14,2025-09-17,-1987.0,2025-09-29
2025-10-01,OUT,Kreditor,Marketing,1040.0,False,30,2025-09-01,-1040.0,2025-09-29
2025-10-01,OUT,Kreditor,Gehalt,25000.0,True,0,2025-10-01,-25000.0,2025-09-29
2025-10-01,OUT,Kreditor,Miete,8000.0,True,0,2025-10-01,-8000.0,2025-09-29
2025-10-01,IN,Debitor,Kundenrechnung,12573.0,False,30,2025-09-01,12573.0,2025-09-29
2025-10-01,OUT,Kreditor,Sonstiges,8804.0,False,30,2025-09-01,-8804.0,2025-09-29
2025-10-01,IN,Debitor,Kundenrechnung,13639.0,False,14,2025-09-17,13639.0,2025-09-29
2025-10-01,IN,Debitor,Kundenrechnung,12559.0,False,14,2025-09-17,12559.0,2025-09-29
2025-10-01,IN,Debitor,Kundenrechnung,2285.0,False,14,2025-09-17,2285.0,2025-09-29
2025-10-01,IN,Debitor,Kundenrechnung,4723.0,False,14,2025-09-17,4723.0,2025-09-29
2025-10-01,IN,Debitor,Kundenrechnung,3460.0,False,14,2025-09-17,3460.0,2025-09-29
2025-10-01,IN,Debitor,Kundenrechnung,3762.0,False,14,2025-09-17,3762.0,2025-09-29
2025-10-02,OUT,Kreditor,Lieferant,1727.0,False,30,2025-09-02,-1727.0,2025-09-29
2025-10-02,OUT,Kreditor,Lieferant,10250.0,False,30,2025-09-02,-10250.0,2025-09-29
2025-10-02,OUT,Kreditor,Lieferant,4516.0,False,30,2025-09-02,-4516.0,2025-09-29
2025-10-02,IN,Debitor,Kundenrechnung,12178.0,False,14,2025-09-18,12178.0,2025-09-29
2025-10-02,IN,Debitor,Kundenrechnung,11491.0,False,14,2025-09-18,11491.0,2025-09-29
2025-10-02,OUT,Kreditor,Lieferant,8156.0,False,14,2025-09-18,-8156.0,2025-09-29
2025-10-03,OUT,Kreditor,Marketing,10984.0,False,30,2025-09-03,-10984.0,2025-09-29
2025-10-03,IN,Debitor,Kundenrechnung,9986.0,False,30,2025-09-03,9986.0,2025-09-29
2025-10-03,IN,Debitor,Kundenrechnung,14792.0,False,14,2025-09-19,14792.0,2025-09-29
2025-10-03,OUT,Kreditor,Marketing,2846.0,False,30,2025-09-03,-2846.0,2025-09-29
2025-10-03,OUT,Kreditor,Sonstiges,1771.0,False,30,2025-09-03,-1771.0,2025-09-29
2025-10-03,OUT,Kreditor,Sonstiges,9770.0,False,30,2025-09-03,-9770.0,2025-09-29
2025-10-03,OUT,Kreditor,Sonstiges,1193.0,False,14,2025-09-19,-1193.0,2025-09-29
2025-10-04,OUT,Kreditor,Sonstiges,4451.0,False,14,2025-09-20,-4451.0,2025-09-29
2025-10-04,OUT,Kreditor,Marketing,9921.0,False,30,2025-09-04,-9921.0,2025-09-29
2025-10-05,OUT,Kreditor,Lieferant,1340.0,False,14,2025-09-21,-1340.0,2025-09-29
2025-10-05,OUT,Kreditor,Sonstiges,1703.0,False,30,2025-09-05,-1703.0,2025-09-29
2025-10-05,OUT,Kreditor,Lieferant,5987.0,False,30,2025-09-05,-5987.0,2025-09-29
2025-10-05,IN,Debitor,Kundenrechnung,12288.0,False,30,2025-09-05,12288.0,2025-09-29
2025-10-05,IN,Debitor,Kundenrechnung,6976.0,False,30,2025-09-05,6976.0,2025-09-29
2025-10-05,OUT,Kreditor,Marketing,2159.0,False,30,2025-09-05,-2159.0,2025-09-29
2025-10-06,IN,Debitor,Kundenrechnung,4866.0,False,45,2025-08-22,4866.0,2025-10-06
2025-10-06,IN,Debitor,Kundenrechnung,2182.0,False,14,2025-09-22,2182.0,2025-10-06
2025-10-06,OUT,Kreditor,Lieferant,6670.0,False,30,2025-09-06,-6670.0,2025-10-06
2025-10-06,OUT,Kreditor,Marketing,2517.0,False,14,2025-09-22,-2517.0,2025-10-06
2025-10-07,OUT,Kreditor,Lieferant,7132.0,False,30,2025-09-07,-7132.0,2025-10-06
2025-10-07,OUT,Kreditor,Lieferant,7588.0,False,14,2025-09-23,-7588.0,2025-10-06
2025-10-08,IN,Debitor,Kundenrechnung,3875.0,False,30,2025-09-08,3875.0,2025-10-06
2025-10-08,IN,Debitor,Kundenrechnung,6033.0,False,30,2025-09-08,6033.0,2025-10-06
2025-10-08,IN,Debitor,Kundenrechnung,5744.0,False,45,2025-08-24,5744.0,2025-10-06
2025-10-08,IN,Debitor,Kundenrechnung,10611.0,False,30,2025-09-08,10611.0,2025-10-06
2025-10-08,OUT,Kreditor,Lieferant,2774.0,False,14,2025-09-24,-2774.0,2025-10-06
2025-10-08,OUT,Kreditor,Sonstiges,1331.0,False,14,2025-09-24,-1331.0,2025-10-06
2025-10-09,OUT,Kreditor,Lieferant,11906.0,False,30,2025-09-09,-11906.0,2025-10-06
2025-10-09,IN,Debitor,Kundenrechnung,2770.0,False,30,2025-09-09,2770.0,2025-10-06
2025-10-09,IN,Debitor,Kundenrechnung,14497.0,False,45,2025-08-25,14497.0,2025-10-06
2025-10-09,IN,Debitor,Kundenrechnung,13381.0,False,14,2025-09-25,13381.0,2025-10-06
2025-10-09,IN,Debitor,Kundenrechnung,9544.0,False,45,2025-08-25,9544.0,2025-10-06
2025-10-10,IN,Debitor,Kundenrechnung,3998.0,False,30,2025-09-10,3998.0,2025-10-06
2025-10-10,IN,Debitor,Kundenrechnung,7476.0,False,14,2025-09-26,7476.0,2025-10-06
2025-10-10,IN,Debitor,Kundenrechnung,6669.0,False,14,2025-09-26,6669.0,2025-10-06
2025-10-10,IN,Debitor,Kundenrechnung,11342.0,False,45,2025-08-26,11342.0,2025-10-06
2025-10-10,IN,Debitor,Kundenrechnung,9064.0,False,45,2025-08-26,9064.0,2025-10-06
2025-10-10,OUT,Kreditor,Lieferant,2431.0,False,30,2025-09-10,-2431.0,2025-10-06
2025-10-11,OUT,Kreditor,Lieferant,2829.0,False,30,2025-09-11,-2829.0,2025-10-06
2025-10-11,OUT,Kreditor,Marketing,2442.0,False,14,2025-09-27,-2442.0,2025-10-06
2025-10-11,OUT,Kreditor,Sonstiges,8611.0,False,30,2025-09-11,-8611.0,2025-10-06
2025-10-11,OUT,Kreditor,Lieferant,6906.0,False,30,2025-09-11,-6906.0,2025-10-06
2025-10-11,OUT,Kreditor,Lieferant,4267.0,False,30,2025-09-11,-4267.0,2025-10-06
2025-10-11,OUT,Kreditor,Lieferant,5928.0,False,14,2025-09-27,-5928.0,2025-10-06
2025-10-11,IN,Debitor,Kundenrechnung,12135.0,False,45,2025-08-27,12135.0,2025-10-06
2025-10-11,IN,Debitor,Kundenrechnung,3141.0,False,14,2025-09-27,3141.0,2025-10-06
2025-10-11,IN,Debitor,Kundenrechnung,12233.0,False,45,2025-08-27,12233.0,2025-10-06
2025-10-11,IN,Debitor,Kundenrechnung,2359.0,False,45,2025-08-27,2359.0,2025-10-06
2025-10-11,OUT,Kreditor,Lieferant,4361.0,False,14,2025-09-27,-4361.0,2025-10-06
2025-10-12,IN,Debitor,Kundenrechnung,8980.0,False,30,2025-09-12,8980.0,2025-10-06
2025-10-12,OUT,Kreditor,Marketing,10591.0,False,14,2025-09-28,-10591.0,2025-10-06
2025-10-12,OUT,Kreditor,Lieferant,7218.0,False,30,2025-09-12,-7218.0,2025-10-06
2025-10-12,OUT,Kreditor,Marketing,8833.0,False,30,2025-09-12,-8833.0,2025-10-06
2025-10-13,OUT,Kreditor,Marketing,7268.0,False,14,2025-09-29,-7268.0,2025-10-13
2025-10-13,OUT,Kreditor,Lieferant,5009.0,False,30,2025-09-13,-5009.0,2025-10-13
2025-10-14,OUT,Kreditor,Marketing,1946.0,False,30,2025-09-14,-1946.0,2025-10-13
2025-10-14,OUT,Kreditor,Sonstiges,2932.0,False,14,2025-09-30,-2932.0,2025-10-13
2025-10-14,OUT,Kreditor,Marketing,5916.0,False,14,2025-09-30,-5916.0,2025-10-13
2025-10-14,OUT,Kreditor,Sonstiges,4807.0,False,30,2025-09-14,-4807.0,2025-10-13
2025-10-14,OUT,Kreditor,Lieferant,6619.0,False,14,2025-09-30,-6619.0,2025-10-13
2025-10-14,OUT,Kreditor,Lieferant,4236.0,False,14,2025-09-30,-4236.0,2025-10-13
2025-10-15,OUT,Kreditor,Sonstiges,9017.0,False,14,2025-10-01,-9017.0,2025-10-13
2025-10-15,OUT,Kreditor,Marketing,7416.0,False,30,2025-09-15,-7416.0,2025-10-13
2025-10-15,OUT,Kreditor,Lieferant,7626.0,False,14,2025-10-01,-7626.0,2025-10-13
2025-10-15,OUT,Kreditor,Marketing,11378.0,False,14,2025-10-01,-11378.0,2025-10-13
2025-10-15,OUT,Kreditor,Miete,8000.0,True,0,2025-10-15,-8000.0,2025-10-13
2025-10-15,IN,Debitor,Kundenrechnung,11495.0,False,14,2025-10-01,11495.0,2025-10-13
2025-10-15,IN,Debitor,Kundenrechnung,5456.0,False,45,2025-08-31,5456.0,2025-10-13
2025-10-15,OUT,Kreditor,Gehalt,25000.0,True,0,2025-10-15,-25000.0,2025-10-13
2025-10-16,OUT,Kreditor,Sonstiges,2960.0,False,30,2025-09-16,-2960.0,2025-10-13
2025-10-16,IN,Debitor,Kundenrechnung,10458.0,False,30,2025-09-16,10458.0,2025-10-13
2025-10-16,IN,Debitor,Kundenrechnung,3708.0,False,45,2025-09-01,3708.0,2025-10-13
2025-10-16,IN,Debitor,Kundenrechnung,5211.0,False,30,2025-09-16,5211.0,2025-10-13
2025-10-16,OUT,Kreditor,Marketing,7538.0,False,30,2025-09-16,-7538.0,2025-10-13
2025-10-16,OUT,Kreditor,Lieferant,8684.0,False,30,2025-09-16,-8684.0,2025-10-13
2025-10-16,OUT,Kreditor,Marketing,1882.0,False,30,2025-09-16,-1882.0,2025-10-13
2025-10-17,OUT,Kreditor,Sonstiges,7068.0,False,14,2025-10-03,-7068.0,2025-10-13
2025-10-17,OUT,Kreditor,Marketing,5699.0,False,14,2025-10-03,-5699.0,2025-10-13
2025-10-17,IN,Debitor,Kundenrechnung,5536.0,False,45,2025-09-02,5536.0,2025-10-13
2025-10-17,IN,Debitor,Kundenrechnung,6494.0,False,45,2025-09-02,6494.0,2025-10-13
2025-10-17,IN,Debitor,Kundenrechnung,14991.0,False,14,2025-10-03,14991.0,2025-10-13
2025-10-17,IN,Debitor,Kundenrechnung,8642.0,False,30,2025-09-17,8642.0,2025-10-13
2025-10-18,IN,Debitor,Kundenrechnung,5935.0,False,45,2025-09-03,5935.0,2025-10-13
2025-10-18,IN,Debitor,Kundenrechnung,9742.0,False,30,2025-09-18,9742.0,2025-10-13
2025-10-18,IN,Debitor,Kundenrechnung,7442.0,False,45,2025-09-03,7442.0,2025-10-13
2025-10-18,OUT,Kreditor,Lieferant,7980.0,False,14,2025-10-04,-7980.0,2025-10-13
2025-10-18,OUT,Kreditor,Lieferant,8661.0,False,14,2025-10-04,-8661.0,2025-10-13
2025-10-19,OUT,Kreditor,Lieferant,8295.0,False,14,2025-10-05,-8295.0,2025-10-13
2025-10-19,OUT,Kreditor,Lieferant,5236.0,False,30,2025-09-19,-5236.0,2025-10-13
2025-10-19,OUT,Kreditor,Marketing,7144.0,False,14,2025-10-05,-7144.0,2025-10-13
2025-10-19,OUT,Kreditor,Lieferant,2088.0,False,14,2025-10-05,-2088.0,2025-10-13
2025-10-19,IN,Debitor,Kundenrechnung,13426.0,False,45,2025-09-04,13426.0,2025-10-13
2025-10-19,OUT,Kreditor,Sonstiges,8537.0,False,14,2025-10-05,-8537.0,2025-10-13
2025-10-19,IN,Debitor,Kundenrechnung,9901.0,False,45,2025-09-04,9901.0,2025-10-13
2025-10-19,IN,Debitor,Kundenrechnung,11501.0,False,14,2025-10-05,11501.0,2025-10-13
2025-10-19,OUT,Kreditor,Marketing,9733.0,False,14,2025-10-05,-9733.0,2025-10-13
2025-10-20,OUT,Kreditor,Marketing,3130.0,False,30,2025-09-20,-3130.0,2025-10-20
2025-10-20,OUT,Kreditor,Sonstiges,6647.0,False,30,2025-09-20,-6647.0,2025-10-20
2025-10-20,OUT,Kreditor,Sonstiges,11207.0,False,14,2025-10-06,-11207.0,2025-10-20
2025-10-20,IN,Debitor,Kundenrechnung,5655.0,False,45,2025-09-05,5655.0,2025-10-20
2025-10-20,IN,Debitor,Kundenrechnung,3098.0,False,45,2025-09-05,3098.0,2025-10-20
2025-10-20,OUT,Kreditor,Lieferant,10101.0,False,14,2025-10-06,-10101.0,2025-10-20
2025-10-21,OUT,Kreditor,Lieferant,2497.0,False,30,2025-09-21,-2497.0,2025-10-20
2025-10-21,OUT,Kreditor,Marketing,11350.0,False,30,2025-09-21,-11350.0,2025-10-20
2025-10-21,OUT,Kreditor,Marketing,6409.0,False,14,2025-10-07,-6409.0,2025-10-20
2025-10-22,IN,Debitor,Kundenrechnung,14050.0,False,14,2025-10-08,14050.0,2025-10-20
2025-10-22,IN,Debitor,Kundenrechnung,11496.0,False,30,2025-09-22,11496.0,2025-10-20
2025-10-22,IN,Debitor,Kundenrechnung,12576.0,False,45,2025-09-07,12576.0,2025-10-20
2025-10-22,IN,Debitor,Kundenrechnung,9190.0,False,30,2025-09-22,9190.0,2025-10-20
2025-10-22,OUT,Kreditor,Sonstiges,8241.0,False,30,2025-09-22,-8241.0,2025-10-20
2025-10-22,OUT,Kreditor,Sonstiges,6575.0,False,30,2025-09-22,-6575.0,2025-10-20
2025-10-22,OUT,Kreditor,Sonstiges,9851.0,False,30,2025-09-22,-9851.0,2025-10-20
2025-10-22,OUT,Kreditor,Sonstiges,7555.0,False,30,2025-09-22,-7555.0,2025-10-20
2025-10-23,OUT,Kreditor,Lieferant,8016.0,False,14,2025-10-09,-8016.0,2025-10-20
2025-10-23,OUT,Kreditor,Sonstiges,5945.0,False,14,2025-10-09,-5945.0,2025-10-20
2025-10-23,IN,Debitor,Kundenrechnung,11227.0,False,45,2025-09-08,11227.0,2025-10-20
2025-10-23,OUT,Kreditor,Sonstiges,7046.0,False,30,2025-09-23,-7046.0,2025-10-20
2025-10-24,OUT,Kreditor,Sonstiges,7056.0,False,14,2025-10-10,-7056.0,2025-10-20
2025-10-24,OUT,Kreditor,Lieferant,10080.0,False,30,2025-09-24,-10080.0,2025-10-20
2025-10-24,OUT,Kreditor,Lieferant,8818.0,False,14,2025-10-10,-8818.0,2025-10-20
2025-10-24,OUT,Kreditor,Marketing,6738.0,False,14,2025-10-10,-6738.0,2025-10-20
2025-10-24,OUT,Kreditor,Sonstiges,6793.0,False,14,2025-10-10,-6793.0,2025-10-20
2025-10-25,IN,Debitor,Kundenrechnung,3948.0,False,14,2025-10-11,3948.0,2025-10-20
2025-10-25,IN,Debitor,Kundenrechnung,14091.0,False,45,2025-09-10,14091.0,2025-10-20
2025-10-25,IN,Debitor,Kundenrechnung,13992.0,False,45,2025-09-10,13992.0,2025-10-20
2025-10-25,IN,Debitor,Kundenrechnung,8318.0,False,45,2025-09-10,8318.0,2025-10-20
2025-10-25,OUT,Kreditor,Lieferant,4796.0,False,14,2025-10-11,-4796.0,2025-10-20
2025-10-26,IN,Debitor,Kundenrechnung,3519.0,False,30,2025-09-26,3519.0,2025-10-20
2025-10-26,OUT,Kreditor,Lieferant,6574.0,False,14,2025-10-12,-6574.0,2025-10-20
2025-10-26,OUT,Kreditor,Lieferant,6355.0,False,30,2025-09-26,-6355.0,2025-10-20
2025-10-26,OUT,Kreditor,Sonstiges,8935.0,False,14,2025-10-12,-8935.0,2025-10-20
2025-10-26,IN,Debitor,Kundenrechnung,4587.0,False,14,2025-10-12,4587.0,2025-10-20
2025-10-26,IN,Debitor,Kundenrechnung,7423.0,False,45,2025-09-11,7423.0,2025-10-20
2025-10-26,IN,Debitor,Kundenrechnung,3124.0,False,30,2025-09-26,3124.0,2025-10-20
2025-10-26,IN,Debitor,Kundenrechnung,3378.0,False,45,2025-09-11,3378.0,2025-10-20
2025-10-27,IN,Debitor,Kundenrechnung,11388.0,False,14,2025-10-13,11388.0,2025-10-27
2025-10-27,IN,Debitor,Kundenrechnung,10353.0,False,14,2025-10-13,10353.0,2025-10-27
2025-10-27,IN,Debitor,Kundenrechnung,3751.0,False,45,2025-09-12,3751.0,2025-10-27
2025-10-27,OUT,Kreditor,Sonstiges,8170.0,False,30,2025-09-27,-8170.0,2025-10-27
2025-10-27,OUT,Kreditor,Lieferant,10131.0,False,30,2025-09-27,-10131.0,2025-10-27
2025-10-27,OUT,Kreditor,Lieferant,2461.0,False,30,2025-09-27,-2461.0,2025-10-27
2025-10-27,OUT,Kreditor,Marketing,1234.0,False,14,2025-10-13,-1234.0,2025-10-27
2025-10-28,OUT,Kreditor,Sonstiges,3100.0,False,30,2025-09-28,-3100.0,2025-10-27
2025-10-28,OUT,Kreditor,Sonstiges,4748.0,False,30,2025-09-28,-4748.0,2025-10-27
2025-10-29,OUT,Kreditor,Sonstiges,4866.0,False,14,2025-10-15,-4866.0,2025-10-27
2025-10-29,OUT,Kreditor,Marketing,6818.0,False,30,2025-09-29,-6818.0,2025-10-27
2025-10-29,OUT,Kreditor,Sonstiges,11704.0,False,30,2025-09-29,-11704.0,2025-10-27
2025-10-29,OUT,Kreditor,Marketing,4923.0,False,30,2025-09-29,-4923.0,2025-10-27
2025-10-29,IN,Debitor,Kundenrechnung,12469.0,False,14,2025-10-15,12469.0,2025-10-27
2025-10-29,IN,Debitor,Kundenrechnung,5259.0,False,30,2025-09-29,5259.0,2025-10-27
2025-10-29,IN,Debitor,Kundenrechnung,10931.0,False,30,2025-09-29,10931.0,2025-10-27
2025-10-30,IN,Debitor,Kundenrechnung,8198.0,False,30,2025-09-30,8198.0,2025-10-27
2025-10-30,OUT,Kreditor,Lieferant,3566.0,False,30,2025-09-30,-3566.0,2025-10-27
2025-10-30,OUT,Kreditor,Marketing,7155.0,False,14,2025-10-16,-7155.0,2025-10-27
2025-10-31,OUT,Kreditor,Sonstiges,7683.0,False,14,2025-10-17,-7683.0,2025-10-27
2025-10-31,OUT,Kreditor,Sonstiges,11039.0,False,14,2025-10-17,-11039.0,2025-10-27
2025-10-31,OUT,Kreditor,Lieferant,6223.0,False,14,2025-10-17,-6223.0,2025-10-27
2025-10-31,OUT,Kreditor,Sonstiges,7614.0,False,30,2025-10-01,-7614.0,2025-10-27
2025-10-31,IN,Debitor,Kundenrechnung,12849.0,False,30,2025-10-01,12849.0,2025-10-27
2025-10-31,IN,Debitor,Kundenrechnung,10680.0,False,14,2025-10-17,10680.0,2025-10-27
2025-10-31,IN,Debitor,Kundenrechnung,10386.0,False,14,2025-10-17,10386.0,2025-10-27
2025-10-31,OUT,Kreditor,Marketing,4276.0,False,30,2025-10-01,-4276.0,2025-10-27
2025-11-01,OUT,Kreditor,Lieferant,8605.0,False,14,2025-10-18,-8605.0,2025-10-27
2025-11-01,OUT,Kreditor,Sonstiges,4313.0,False,14,2025-10-18,-4313.0,2025-10-27
2025-11-01,OUT,Kreditor,Lieferant,9350.0,False,30,2025-10-02,-9350.0,2025-10-27
2025-11-01,OUT,Kreditor,Sonstiges,7707.0,False,30,2025-10-02,-7707.0,2025-10-27
2025-11-01,OUT,Kreditor,Gehalt,25000.0,True,0,2025-11-01,-25000.0,2025-10-27
2025-11-01,OUT,Kreditor,Miete,8000.0,True,0,2025-11-01,-8000.0,2025-10-27
2025-11-01,IN,Debitor,Kundenrechnung,5483.0,False,45,2025-09-17,5483.0,2025-10-27
2025-11-01,IN,Debitor,Kundenrechnung,7102.0,False,45,2025-09-17,7102.0,2025-10-27
2025-11-01,OUT,Kreditor,Lieferant,9682.0,False,14,2025-10-18,-9682.0,2025-10-27
2025-11-02,IN,Debitor,Kundenrechnung,3696.0,False,30,2025-10-03,3696.0,2025-10-27
2025-11-02,IN,Debitor,Kundenrechnung,12661.0,False,45,2025-09-18,12661.0,2025-10-27
2025-11-03,IN,Debitor,Kundenrechnung,7085.0,False,30,2025-10-04,7085.0,2025-11-03
2025-11-03,IN,Debitor,Kundenrechnung,3116.0,False,14,2025-10-20,3116.0,2025-11-03
2025-11-03,IN,Debitor,Kundenrechnung,13498.0,False,14,2025-10-20,13498.0,2025-11-03
2025-11-03,IN,Debitor,Kundenrechnung,9888.0,False,45,2025-09-19,9888.0,2025-11-03
2025-11-03,IN,Debitor,Kundenrechnung,12572.0,False,30,2025-10-04,12572.0,2025-11-03
2025-11-03,IN,Debitor,Kundenrechnung,11738.0,False,45,2025-09-19,11738.0,2025-11-03
2025-11-03,OUT,Kreditor,Lieferant,10797.0,False,30,2025-10-04,-10797.0,2025-11-03
2025-11-03,OUT,Kreditor,Marketing,11082.0,False,30,2025-10-04,-11082.0,2025-11-03
2025-11-04,OUT,Kreditor,Marketing,2296.0,False,14,2025-10-21,-2296.0,2025-11-03
2025-11-04,OUT,Kreditor,Lieferant,4642.0,False,30,2025-10-05,-4642.0,2025-11-03
2025-11-04,IN,Debitor,Kundenrechnung,12193.0,False,30,2025-10-05,12193.0,2025-11-03
2025-11-04,OUT,Kreditor,Marketing,10475.0,False,14,2025-10-21,-10475.0,2025-11-03
2025-11-05,IN,Debitor,Kundenrechnung,14474.0,False,30,2025-10-06,14474.0,2025-11-03
2025-11-05,IN,Debitor,Kundenrechnung,7973.0,False,14,2025-10-22,7973.0,2025-11-03
2025-11-05,IN,Debitor,Kundenrechnung,10277.0,False,14,2025-10-22,10277.0,2025-11-03
2025-11-05,OUT,Kreditor,Sonstiges,3468.0,False,30,2025-10-06,-3468.0,2025-11-03
2025-11-05,OUT,Kreditor,Sonstiges,2636.0,False,14,2025-10-22,-2636.0,2025-11-03
2025-11-05,OUT,Kreditor,Lieferant,11410.0,False,30,2025-10-06,-11410.0,2025-11-03
2025-11-05,OUT,Kreditor,Sonstiges,3217.0,False,14,2025-10-22,-3217.0,2025-11-03
2025-11-06,IN,Debitor,Kundenrechnung,9618.0,False,14,2025-10-23,9618.0,2025-11-03
2025-11-06,OUT,Kreditor,Sonstiges,2196.0,False,30,2025-10-07,-2196.0,2025-11-03
2025-11-07,OUT,Kreditor,Marketing,4824.0,False,30,2025-10-08,-4824.0,2025-11-03
2025-11-07,OUT,Kreditor,Lieferant,3451.0,False,30,2025-10-08,-3451.0,2025-11-03
2025-11-07,IN,Debitor,Kundenrechnung,12844.0,False,45,2025-09-23,12844.0,2025-11-03
2025-11-08,OUT,Kreditor,Marketing,8423.0,False,30,2025-10-09,-8423.0,2025-11-03
2025-11-08,OUT,Kreditor,Lieferant,2772.0,False,14,2025-10-25,-2772.0,2025-11-03
2025-11-08,OUT,Kreditor,Sonstiges,6520.0,False,30,2025-10-09,-6520.0,2025-11-03
2025-11-08,IN,Debitor,Kundenrechnung,3913.0,False,14,2025-10-25,3913.0,2025-11-03
2025-11-08,IN,Debitor,Kundenrechnung,14602.0,False,45,2025-09-24,14602.0,2025-11-03
2025-11-08,IN,Debitor,Kundenrechnung,5699.0,False,45,2025-09-24,5699.0,2025-11-03
2025-11-08,IN,Debitor,Kundenrechnung,10345.0,False,14,2025-10-25,10345.0,2025-11-03
2025-11-08,IN,Debitor,Kundenrechnung,11256.0,False,14,2025-10-25,11256.0,2025-11-03
2025-11-09,OUT,Kreditor,Sonstiges,5570.0,False,14,2025-10-26,-5570.0,2025-11-03
2025-11-09,OUT,Kreditor,Marketing,10582.0,False,30,2025-10-10,-10582.0,2025-11-03
2025-11-09,OUT,Kreditor,Lieferant,3468.0,False,14,2025-10-26,-3468.0,2025-11-03
2025-11-09,OUT,Kreditor,Sonstiges,1614.0,False,30,2025-10-10,-1614.0,2025-11-03
2025-11-09,OUT,Kreditor,Sonstiges,4607.0,False,30,2025-10-10,-4607.0,2025-11-03
2025-11-09,IN,Debitor,Kundenrechnung,6316.0,False,14,2025-10-26,6316.0,2025-11-03
2025-11-09,IN,Debitor,Kundenrechnung,12867.0,False,14,2025-10-26,12867.0,2025-11-03
2025-11-09,IN,Debitor,Kundenrechnung,3422.0,False,30,2025-10-10,3422.0,2025-11-03
2025-11-09,OUT,Kreditor,Marketing,10583.0,False,30,2025-10-10,-10583.0,2025-11-03
2025-11-10,OUT,Kreditor,Sonstiges,4832.0,False,30,2025-10-11,-4832.0,2025-11-10
2025-11-10,OUT,Kreditor,Lieferant,2380.0,False,30,2025-10-11,-2380.0,2025-11-10
2025-11-10,IN,Debitor,Kundenrechnung,10445.0,False,14,2025-10-27,10445.0,2025-11-10
2025-11-10,OUT,Kreditor,Lieferant,8997.0,False,14,2025-10-27,-8997.0,2025-11-10
2025-11-11,IN,Debitor,Kundenrechnung,6307.0,False,45,2025-09-27,6307.0,2025-11-10
2025-11-12,IN,Debitor,Kundenrechnung,14707.0,False,45,2025-09-28,14707.0,2025-11-10
2025-11-12,OUT,Kreditor,Lieferant,4240.0,False,14,2025-10-29,-4240.0,2025-11-10
2025-11-12,OUT,Kreditor,Sonstiges,2849.0,False,30,2025-10-13,-2849.0,2025-11-10
2025-11-13,OUT,Kreditor,Lieferant,3800.0,False,14,2025-10-30,-3800.0,2025-11-10
2025-11-13,OUT,Kreditor,Lieferant,6754.0,False,14,2025-10-30,-6754.0,2025-11-10
2025-11-13,OUT,Kreditor,Marketing,6679.0,False,14,2025-10-30,-6679.0,2025-11-10
2025-11-13,OUT,Kreditor,Lieferant,11744.0,False,30,2025-10-14,-11744.0,2025-11-10
2025-11-13,OUT,Kreditor,Lieferant,9712.0,False,14,2025-10-30,-9712.0,2025-11-10
2025-11-13,IN,Debitor,Kundenrechnung,5273.0,False,45,2025-09-29,5273.0,2025-11-10
2025-11-13,IN,Debitor,Kundenrechnung,14278.0,False,45,2025-09-29,14278.0,2025-11-10
2025-11-13,IN,Debitor,Kundenrechnung,10463.0,False,45,2025-09-29,10463.0,2025-11-10
2025-11-13,OUT,Kreditor,Sonstiges,4551.0,False,30,2025-10-14,-4551.0,2025-11-10
2025-11-14,OUT,Kreditor,Lieferant,3230.0,False,14,2025-10-31,-3230.0,2025-11-10
2025-11-14,OUT,Kreditor,Marketing,5946.0,False,30,2025-10-15,-5946.0,2025-11-10
2025-11-14,OUT,Kreditor,Sonstiges,4171.0,False,14,2025-10-31,-4171.0,2025-11-10
2025-11-14,OUT,Kreditor,Sonstiges,8106.0,False,14,2025-10-31,-8106.0,2025-11-10
2025-11-14,OUT,Kreditor,Marketing,9752.0,False,14,2025-10-31,-9752.0,2025-11-10
2025-11-14,IN,Debitor,Kundenrechnung,2680.0,False,14,2025-10-31,2680.0,2025-11-10
2025-11-14,IN,Debitor,Kundenrechnung,3363.0,False,14,2025-10-31,3363.0,2025-11-10
2025-11-14,IN,Debitor,Kundenrechnung,14869.0,False,30,2025-10-15,14869.0,2025-11-10
2025-11-14,IN,Debitor,Kundenrechnung,4120.0,False,14,2025-10-31,4120.0,2025-11-10
2025-11-14,OUT,Kreditor,Lieferant,2538.0,False,14,2025-10-31,-2538.0,2025-11-10
2025-11-15,OUT,Kreditor,Lieferant,1992.0,False,30,2025-10-16,-1992.0,2025-11-10
2025-11-15,OUT,Kreditor,Miete,8000.0,True,0,2025-11-15,-8000.0,2025-11-10
2025-11-15,OUT,Kreditor,Gehalt,25000.0,True,0,2025-11-15,-25000.0,2025-11-10
2025-11-15,OUT,Kreditor,Marketing,7871.0,False,14,2025-11-01,-7871.0,2025-11-10
2025-11-15,OUT,Kreditor,Sonstiges,4922.0,False,14,2025-11-01,-4922.0,2025-11-10
2025-11-16,OUT,Kreditor,Marketing,8262.0,False,30,2025-10-17,-8262.0,2025-11-10
2025-11-16,OUT,Kreditor,Marketing,4093.0,False,14,2025-11-02,-4093.0,2025-11-10
2025-11-16,OUT,Kreditor,Marketing,9850.0,False,14,2025-11-02,-9850.0,2025-11-10
2025-11-16,OUT,Kreditor,Lieferant,2481.0,False,30,2025-10-17,-2481.0,2025-11-10
2025-11-17,IN,Debitor,Kundenrechnung,6559.0,False,14,2025-11-03,6559.0,2025-11-17
2025-11-17,IN,Debitor,Kundenrechnung,2112.0,False,30,2025-10-18,2112.0,2025-11-17
2025-11-17,OUT,Kreditor,Lieferant,11570.0,False,14,2025-11-03,-11570.0,2025-11-17
2025-11-17,OUT,Kreditor,Lieferant,1139.0,False,30,2025-10-18,-1139.0,2025-11-17
2025-11-17,OUT,Kreditor,Lieferant,4168.0,False,14,2025-11-03,-4168.0,2025-11-17
2025-11-18,IN,Debitor,Kundenrechnung,5560.0,False,45,2025-10-04,5560.0,2025-11-17
2025-11-18,OUT,Kreditor,Sonstiges,9058.0,False,30,2025-10-19,-9058.0,2025-11-17
2025-11-18,IN,Debitor,Kundenrechnung,6821.0,False,14,2025-11-04,6821.0,2025-11-17
2025-11-19,OUT,Kreditor,Lieferant,10533.0,False,14,2025-11-05,-10533.0,2025-11-17
2025-11-19,IN,Debitor,Kundenrechnung,9196.0,False,30,2025-10-20,9196.0,2025-11-17
2025-11-19,IN,Debitor,Kundenrechnung,4761.0,False,14,2025-11-05,4761.0,2025-11-17
2025-11-19,IN,Debitor,Kundenrechnung,14856.0,False,30,2025-10-20,14856.0,2025-11-17
2025-11-19,IN,Debitor,Kundenrechnung,7693.0,False,14,2025-11-05,7693.0,2025-11-17
2025-11-19,OUT,Kreditor,Lieferant,1201.0,False,30,2025-10-20,-1201.0,2025-11-17
2025-11-19,OUT,Kreditor,Sonstiges,1517.0,False,14,2025-11-05,-1517.0,2025-11-17
2025-11-20,OUT,Kreditor,Sonstiges,9399.0,False,30,2025-10-21,-9399.0,2025-11-17
2025-11-20,IN,Debitor,Kundenrechnung,12626.0,False,30,2025-10-21,12626.0,2025-11-17
2025-11-20,OUT,Kreditor,Lieferant,7241.0,False,14,2025-11-06,-7241.0,2025-11-17
2025-11-21,IN,Debitor,Kundenrechnung,4600.0,False,30,2025-10-22,4600.0,2025-11-17
2025-11-21,IN,Debitor,Kundenrechnung,4195.0,False,45,2025-10-07,4195.0,2025-11-17
2025-11-21,OUT,Kreditor,Marketing,4554.0,False,30,2025-10-22,-4554.0,2025-11-17
2025-11-21,OUT,Kreditor,Sonstiges,3849.0,False,14,2025-11-07,-3849.0,2025-11-17
2025-11-21,OUT,Kreditor,Marketing,2742.0,False,30,2025-10-22,-2742.0,2025-11-17
2025-11-22,IN,Debitor,Kundenrechnung,9619.0,False,14,2025-11-08,9619.0,2025-11-17
2025-11-22,IN,Debitor,Kundenrechnung,4642.0,False,30,2025-10-23,4642.0,2025-11-17
2025-11-22,IN,Debitor,Kundenrechnung,8409.0,False,14,2025-11-08,8409.0,2025-11-17
2025-11-22,OUT,Kreditor,Marketing,5757.0,False,30,2025-10-23,-5757.0,2025-11-17
2025-11-23,OUT,Kreditor,Marketing,5396.0,False,14,2025-11-09,-5396.0,2025-11-17
2025-11-23,OUT,Kreditor,Marketing,8304.0,False,14,2025-11-09,-8304.0,2025-11-17
2025-11-23,OUT,Kreditor,Lieferant,8817.0,False,14,2025-11-09,-8817.0,2025-11-17
2025-11-24,OUT,Kreditor,Lieferant,1859.0,False,14,2025-11-10,-1859.0,2025-11-24
2025-11-24,OUT,Kreditor,Lieferant,5017.0,False,30,2025-10-25,-5017.0,2025-11-24
2025-11-24,OUT,Kreditor,Marketing,9089.0,False,30,2025-10-25,-9089.0,2025-11-24
2025-11-24,OUT,Kreditor,Lieferant,3424.0,False,30,2025-10-25,-3424.0,2025-11-24
2025-11-24,IN,Debitor,Kundenrechnung,14931.0,False,14,2025-11-10,14931.0,2025-11-24
2025-11-24,OUT,Kreditor,Lieferant,3426.0,False,14,2025-11-10,-3426.0,2025-11-24
2025-11-24,IN,Debitor,Kundenrechnung,14654.0,False,45,2025-10-10,14654.0,2025-11-24
2025-11-25,IN,Debitor,Kundenrechnung,12976.0,False,14,2025-11-11,12976.0,2025-11-24
2025-11-25,IN,Debitor,Kundenrechnung,7485.0,False,14,2025-11-11,7485.0,2025-11-24
2025-11-25,OUT,Kreditor,Sonstiges,3346.0,False,30,2025-10-26,-3346.0,2025-11-24
2025-11-26,OUT,Kreditor,Marketing,2014.0,False,30,2025-10-27,-2014.0,2025-11-24
2025-11-26,IN,Debitor,Kundenrechnung,3361.0,False,30,2025-10-27,3361.0,2025-11-24
2025-11-26,IN,Debitor,Kundenrechnung,12878.0,False,45,2025-10-12,12878.0,2025-11-24
2025-11-26,OUT,Kreditor,Marketing,6283.0,False,14,2025-11-12,-6283.0,2025-11-24
2025-11-26,OUT,Kreditor,Sonstiges,11626.0,False,30,2025-10-27,-11626.0,2025-11-24
2025-11-27,IN,Debitor,Kundenrechnung,4912.0,False,30,2025-10-28,4912.0,2025-11-24
2025-11-27,IN,Debitor,Kundenrechnung,12788.0,False,14,2025-11-13,12788.0,2025-11-24
2025-11-27,OUT,Kreditor,Marketing,2873.0,False,14,2025-11-13,-2873.0,2025-11-24
2025-11-27,OUT,Kreditor,Lieferant,3817.0,False,30,2025-10-28,-3817.0,2025-11-24
2025-11-27,OUT,Kreditor,Marketing,5458.0,False,30,2025-10-28,-5458.0,2025-11-24
2025-11-28,OUT,Kreditor,Sonstiges,3032.0,False,30,2025-10-29,-3032.0,2025-11-24
2025-11-28,IN,Debitor,Kundenrechnung,12327.0,False,45,2025-10-14,12327.0,2025-11-24
2025-11-28,OUT,Kreditor,Sonstiges,3068.0,False,14,2025-11-14,-3068.0,2025-11-24
2025-11-28,OUT,Kreditor,Lieferant,6103.0,False,14,2025-11-14,-6103.0,2025-11-24
2025-11-28,IN,Debitor,Kundenrechnung,5644.0,False,45,2025-10-14,5644.0,2025-11-24
2025-11-28,OUT,Kreditor,Marketing,8296.0,False,14,2025-11-14,-8296.0,2025-11-24
2025-11-28,IN,Debitor,Kundenrechnung,14543.0,False,45,2025-10-14,14543.0,2025-11-24
2025-11-28,OUT,Kreditor,Lieferant,9312.0,False,30,2025-10-29,-9312.0,2025-11-24
2025-11-29,IN,Debitor,Kundenrechnung,12105.0,False,14,2025-11-15,12105.0,2025-11-24
2025-11-29,IN,Debitor,Kundenrechnung,4591.0,False,45,2025-10-15,4591.0,2025-11-24
2025-11-29,IN,Debitor,Kundenrechnung,14127.0,False,14,2025-11-15,14127.0,2025-11-24
2025-11-29,IN,Debitor,Kundenrechnung,11763.0,False,30,2025-10-30,11763.0,2025-11-24
2025-11-29,OUT,Kreditor,Lieferant,7121.0,False,30,2025-10-30,-7121.0,2025-11-24
2025-11-29,OUT,Kreditor,Lieferant,3854.0,False,14,2025-11-15,-3854.0,2025-11-24
2025-11-29,OUT,Kreditor,Lieferant,10428.0,False,14,2025-11-15,-10428.0,2025-11-24
2025-11-29,OUT,Kreditor,Marketing,2029.0,False,14,2025-11-15,-2029.0,2025-11-24
2025-11-30,OUT,Kreditor,Sonstiges,1596.0,False,14,2025-11-16,-1596.0,2025-11-24
2025-11-30,OUT,Kreditor,Sonstiges,5757.0,False,14,2025-11-16,-5757.0,2025-11-24
2025-11-30,OUT,Kreditor,Sonstiges,9837.0,False,30,2025-10-31,-9837.0,2025-11-24
2025-11-30,OUT,Kreditor,Sonstiges,9912.0,False,14,2025-11-16,-9912.0,2025-11-24
2025-11-30,OUT,Kreditor,Marketing,6520.0,False,30,2025-10-31,-6520.0,2025-11-24
2025-11-30,OUT,Kreditor,Sonstiges,3700.0,False,30,2025-10-31,-3700.0,2025-11-24
2025-11-30,OUT,Kreditor,Marketing,2647.0,False,14,2025-11-16,-2647.0,2025-11-24
2025-11-30,IN,Debitor,Kundenrechnung,3700.0,False,45,2025-10-16,3700.0,2025-11-24
2025-12-01,IN,Debitor,Kundenrechnung,13803.0,False,45,2025-10-17,13803.0,2025-12-01
2025-12-01,IN,Debitor,Kundenrechnung,12445.0,False,45,2025-10-17,12445.0,2025-12-01
2025-12-01,OUT,Kreditor,Miete,8000.0,True,0,2025-12-01,-8000.0,2025-12-01
2025-12-01,OUT,Kreditor,Gehalt,25000.0,True,0,2025-12-01,-25000.0,2025-12-01
2025-12-01,OUT,Kreditor,Marketing,3294.0,False,30,2025-11-01,-3294.0,2025-12-01
2025-12-01,OUT,Kreditor,Sonstiges,1146.0,False,14,2025-11-17,-1146.0,2025-12-01
2025-12-02,OUT,Kreditor,Lieferant,6388.0,False,30,2025-11-02,-6388.0,2025-12-01
2025-12-02,IN,Debitor,Kundenrechnung,7618.0,False,14,2025-11-18,7618.0,2025-12-01
2025-12-02,IN,Debitor,Kundenrechnung,8901.0,False,14,2025-11-18,8901.0,2025-12-01
2025-12-02,IN,Debitor,Kundenrechnung,13169.0,False,14,2025-11-18,13169.0,2025-12-01
2025-12-02,IN,Debitor,Kundenrechnung,14207.0,False,45,2025-10-18,14207.0,2025-12-01
2025-12-02,OUT,Kreditor,Lieferant,1204.0,False,14,2025-11-18,-1204.0,2025-12-01
2025-12-02,OUT,Kreditor,Lieferant,5927.0,False,14,2025-11-18,-5927.0,2025-12-01
2025-12-02,OUT,Kreditor,Sonstiges,5390.0,False,14,2025-11-18,-5390.0,2025-12-01
2025-12-03,OUT,Kreditor,Lieferant,8374.0,False,14,2025-11-19,-8374.0,2025-12-01
2025-12-03,IN,Debitor,Kundenrechnung,14816.0,False,45,2025-10-19,14816.0,2025-12-01
2025-12-03,IN,Debitor,Kundenrechnung,10442.0,False,14,2025-11-19,10442.0,2025-12-01
2025-12-04,IN,Debitor,Kundenrechnung,11579.0,False,45,2025-10-20,11579.0,2025-12-01
2025-12-04,IN,Debitor,Kundenrechnung,8773.0,False,14,2025-11-20,8773.0,2025-12-01
2025-12-04,IN,Debitor,Kundenrechnung,2717.0,False,14,2025-11-20,2717.0,2025-12-01
2025-12-04,OUT,Kreditor,Marketing,5434.0,False,30,2025-11-04,-5434.0,2025-12-01
2025-12-04,OUT,Kreditor,Lieferant,5008.0,False,14,2025-11-20,-5008.0,2025-12-01
2025-12-04,OUT,Kreditor,Marketing,5994.0,False,14,2025-11-20,-5994.0,2025-12-01
2025-12-04,OUT,Kreditor,Lieferant,5637.0,False,30,2025-11-04,-5637.0,2025-12-01
2025-12-05,OUT,Kreditor,Marketing,3565.0,False,14,2025-11-21,-3565.0,2025-12-01
2025-12-05,OUT,Kreditor,Marketing,6991.0,False,30,2025-11-05,-6991.0,2025-12-01
2025-12-06,OUT,Kreditor,Marketing,7003.0,False,30,2025-11-06,-7003.0,2025-12-01
2025-12-06,IN,Debitor,Kundenrechnung,12562.0,False,45,2025-10-22,12562.0,2025-12-01
2025-12-06,IN,Debitor,Kundenrechnung,2002.0,False,30,2025-11-06,2002.0,2025-12-01
2025-12-06,IN,Debitor,Kundenrechnung,10397.0,False,45,2025-10-22,10397.0,2025-12-01
2025-12-06,OUT,Kreditor,Marketing,11813.0,False,30,2025-11-06,-11813.0,2025-12-01
2025-12-06,OUT,Kreditor,Marketing,11858.0,False,30,2025-11-06,-11858.0,2025-12-01
